Name,Year of release,Aired Date,Aired On,Number of Episode,Network,Duration,Content Rating,Synopsis,Cast,Genre,Tags,Rank,Rating
Move to Heaven,2021,"May 14, 2021", Friday,10,Netflix ,52 min.,18+ Restricted (violence & profanity) ,"그루는 젊은 자폐인 남성입니다. 그는 아버지의 회사인 '무브 투 헤븐'에서 일합니다. 그들의 일은 고인이 남긴 물건들을 정리하는 것입니다. 어느 날 그루의 아버지가 세상을 떠납니다. 그루는 홀로 남게 되지만, 갑자기 삼촌 상구가 나타납니다. 상구는 차가운 사람으로, 과거 지하 격투기 선수였습니다. 그는 경기 중 일어난 일로 인해 교도소에 갔었습니다. 상구는 이제 그루의 보호자가 되어 함께 '무브 투 헤븐'을 운영하게 됩니다.","Lee Je Hoon, Tang Jun Sang, Hong Seung Hee, Jung Suk Yong, Jung Young Joo, Lee Moon Shik","Life,  Drama,  Family ","Autism, Uncle-Nephew Relationship, Death, Savant Syndrome, Mourning, Tearjerker, Father-Son Relationship, Life Lesson, Ex-convict, Cleaning And Organizing",#1,9.2
Hospital Playlist,2020,"Mar 12, 2020 - May 28, 2020", Thursday,12,"Netflix,  tvN ",1 hr. 30 min.,15+ - Teens 15 or older ,"병원이라는 생명의 축소판에서 누군가는 태어나고 누군가의 삶은 마지막을 맞이합니다. 겉보기에는 평범해 보이지만 실제로는 특별한 일상을 살아가는 사람들의 이야기가 펼쳐집니다. 5명의 의사들은 20년 가까운 친구 사이로, 1999년에 같은 의대에 입학해 지금은 동료가 되어 같은 병원에서 일하며 밴드 활동도 함께하고 있습니다.","Jo Jung Suk, Yoo Yeon Seok, Jung Kyung Ho, Kim Dae Myung, Jeon Mi Do, Shin Hyun Bin","Friendship,  Romance,  Life,  Medical ","Strong Friendship, Multiple Mains, Best Friends, Hospital, Slow Romance, Strong Female Lead, Multiple Couples, Slight Romance, Nice Male Lead, Bromance",#2,9.1
Flower of Evil,2020,"Jul 29, 2020 - Sep 23, 2020"," Wednesday, Thursday",16,tvN ,1 hr. 10 min.,15+ - Teens 15 or older ,"백희성은 자신의 진정한 정체성과 관련된 암울한 비밀을 숨기고 있지만, 행복한 가정생활과 성공적인 경력을 쌓아왔습니다. 그는 사랑하는 남편이자 어린 딸을 지극정성으로 돌보는 아버지입니다. 하지만 그의 완벽한 가면은 살인 수사를 담당하는 아내 차지원이 15년 전 연쇄 살인 사건을 조사하면서 조금씩 허물어지기 시작합니다. 지원은 희성의 변화된 행동거지를 눈치채고 그가 무엇인가를 숨기고 있는 것은 아닌지 의심하기 시작합니다.","Lee Joon Gi, Moon Chae Won, Jang Hee Jin, Seo Hyun Woo, Nam Ki Ae, Son Jong Hak","Thriller,  Romance,  Crime,  Melodrama ","Married Couple, Deception, Suspense, Family Secret, Hidden Personality, Smart Female Lead, Antisocial Personality Disorder, Investigation, Serial Killer, Psychopath",#3,9.1
Hospital Playlist 2,2021,"Jun 17, 2021 - Sep 16, 2021", Thursday,12,"Netflix,  tvN ",1 hr. 40 min.,15+ - Teens 15 or older ,"병원 안에서 태어남과 죽음, 그 사이의 모든 것들이 공존하는 곳에서 다섯 명의 의사와 그들의 환자들에게 매일이 비범한 날이다.","Jo Jung Suk, Yoo Yeon Seok, Jung Kyung Ho, Kim Dae Myung, Jeon Mi Do, Shin Hyun Bin","Friendship,  Romance,  Life,  Medical ","Workplace, Strong Friendship, Best Friends, Multiple Mains, Band, Music, Strong Female Lead, Multiple Couples, Comedy, Hospital",#4,9.1
My Mister,2018,"Mar 21, 2018 - May 17, 2018"," Wednesday, Thursday",16,tvN ,1 hr. 17 min.,15+ - Teens 15 or older ,"박동훈은 중년 엔지니어로, 변호사인 강윤희와 결혼했습니다. 하지만 그의 삶은 행복하지 않습니다. 왜냐하면 실직상태인 두 형제 상훈과 기훈이 그에게 의지하고 있기 때문입니다. 더욱이 그의 아내 윤희는 박동훈의 상사이자 대학 후배인 도준영 CEO와 비밀리에 불륜관계를 갖고 있습니다.","Lee Sun Kyun, IU, Park Ho San, Song Sae Byuk, Lee Ji Ah, Kim Young Min","Psychological,  Life,  Drama,  Family ","Age Gap, Nice Male Lead, Strong Female Lead, Hardship, Smart Female Lead, Healing, Depression, Poor Female Lead, Workplace, Infidelity",#5,9.1
Prison Playbook,2017,"Nov 22, 2017 - Jan 18, 2018"," Wednesday, Thursday",16,"Netflix,  tvN ",1 hr. 32 min.,15+ - Teens 15 or older ,"야구선수로 유명한 김제혁이 동생을 성추행하려는 남자를 쫓다가 과도한 힘을 행사한 것으로 체포됩니다. 그와 국민들에게 충격적이게도 그는 1년 형을 선고받습니다. 그곳 교도소에서 그는 어린 시절 친구이자 야구 선수였던 이준호를 만납니다. 이준호는 교통사고 이후 야구를 그만두고 지금은 제혁의 큰 팬으로서 교도관이 되어 있습니다. 이 드라마는 제혁의 교도소 생활과 그곳에서 만난 죄수들, 그리고 일어나는 사건들을 중심으로 진행됩니다.","Park Hae Soo, Jung Kyung Ho, Krystal Jung, Im Hwa Young, Ye Soo Jung, Kim Kyung Nam","Comedy,  Crime,  Life,  Drama ","Prison, Bromance, Wrongfully Accused, Life Lesson, Slight Romance, Strong Male Lead, Character Development, Baseball, Gangster, Murder",#6,9.1
Reply 1988,2015,"Nov  6, 2015 - Jan 16, 2016"," Friday, Saturday",20,tvN ,1 hr. 40 min.,15+ - Teens 15 or older ,"여기 서울 쌍문동 동네에 사는 다섯 명의 어린 친구들이 있습니다. 그들은 어려운 십대 시절을 견뎌내며 서로를 의지하고 미래를 향해 나아갑니다. 성덕선은 가난한 가정에서 중간아이로 주목받기 힘들뿐만 아니라 학교 성적이 999등이라는 짐을 지고 있습니다. 김정환은 가족이 갑자기 부자가 되었음에도 불구하고 오직 축구에만 전념합니다. 성선우는 모범생이자 학생회장이며, 가족에게 착하고 믿을 수 있는 아들입니다. 류동룡은 다른 친구들보다 여자와 인생에 대해 더 많이 알고 있지만 성적이 나빠 대학에 갈 수 없습니다. 최택은 학교를 그만두고 바둑 기사가 된 천재입니다. 이 친구들은 동네에서 못된 짓도 하면서 추억을 만들어 갑니다. 그 기억나는 시간들에서 얻은 경험들이 그들의 미래 인생에 어떤 영향을 미칠까요?","Lee Hye Ri, Go Kyung Pyo, Ryu Joon Yeol, Park Bo Gum, Lee Dong Hwi, Sung Dong Il","Comedy,  Romance,  Youth,  Family ","Neighbors, Slice Of Life, Childhood Friends, Multiple Couples, Nostalgia, Poor Family, Love Triangle, Best Friends, Heartfelt, High School",#7,9.0
It's Okay to Not Be Okay,2020,"Jun 20, 2020 - Aug  9, 2020"," Saturday, Sunday",16,"Netflix,  tvN ",1 hr. 15 min.,15+ - Teens 15 or older ,"문강태는 정신과 병동에서 근무하는 지역사회 보건 요원으로, 뛰어난 체력, 지능, 공감 능력, 인내심, 대처 능력, 체력 등 모든 면에서 재능이 있는 사람입니다. 반면 고문영은 아동문학 작가로 인기가 있지만, 반사회적 성격 장애로 인해 극도로 이기적이고 거만하며 무례한 모습을 보입니다.","Kim Soo Hyun, Seo Yea Ji, Oh Jung Se, Park Gyu Young, Jang Young Nam, Kim Chang Wan","Psychological,  Comedy,  Romance,  Drama ","Sibling Relationship, Melodrama, Mental Health, Independent Female Lead, Emotionally Wounded, Successful Female Lead, Healing, Caregiver, Childhood Connection, Psychiatry",#8,9.0
Mr. Queen,2020,"Dec 12, 2020 - Feb 14, 2021"," Saturday, Sunday",20,tvN ,1 hr. 20 min.,15+ - Teens 15 or older ,장봉환은 청와대 대통령 관저에서 한국의 최고 정치인들을 위해 요리하는 남한의 유명 셰프입니다. 그는 심각한 사고 이후 한국의 과거 시대로 휩싸여 젊은 여왕 김소용의 몸에 갇히게 됩니다.,"Shin Hye Sun, Kim Jung Hyun, Bae Jong Ok, Kim Tae Woo, Jo Yun Hee, Seol In Ah","Historical,  Mystery,  Comedy,  Romance ","Smart Male Lead, Transmigration, Calm Male Lead, Joseon Dynasty, Time Travel, Sassy Female Lead, Body Swap, Gender Swap, Eccentric Female Lead, Power Struggle",#9,9.0
Mother,2018,"Jan 24, 2018 - Mar 15, 2018"," Wednesday, Thursday",16,tvN ,1 hr. 3 min.,15+ - Teens 15 or older ,수진이라는 선생님이자 조류 연구가는 자신의 학생 중 한 명이 학대받고 있다는 사실을 알게 됩니다. 그래서 그녀는 충동적으로 그 여학생을 납치하고 대신 엄마 역할을 하며 그녀를 보살피려 합니다.,"Lee Bo Young, Heo Yool, Lee Hye Young, Go Sung Hee, Lee Jae Yoon, Go Bo Gyeol","Thriller,  Mystery,  Psychological,  Melodrama ","Mother-Daughter Relationship, Independent Female Lead, Orphan Female Lead, Smart Female Lead, Child Abuse, Adoption, Strong Female Lead, Motherhood, Psychopath, Cohabitation",#10,9.0
Signal,2016,"Jan 22, 2016 - Mar 12, 2016"," Friday, Saturday",16,tvN ,1 hr. 15 min.,15+ - Teens 15 or older ,"15년 전, 한 소녀가 하교 길에 납치당했습니다. 그때 초등학생이었던 박해영이 그 범죄 현장을 목격했습니다. 며칠 후 그 소녀의 시신이 발견되었지만, 경찰은 범인을 찾지 못했습니다. 시간이 흐르면서 해영은 경찰을 불신하기 시작했습니다.","Lee Je Hoon, Kim Hye Soo, Jo Jin Woong, Kim Won Hae, Lee Yoo Joon, Jang Hyun Sung","Thriller,  Mystery,  Sci-Fi ","Different Timelines, Hwaseong Serial Murders, Murder, Criminal Profiler, Serial Killer, Tragic Past, Smart Female Lead, Corruption, Time Altering, Kidnapping",#11,9.0
Navillera,2021,"Mar 22, 2021 - Apr 27, 2021"," Monday, Tuesday",12,"Netflix,  tvN ",1 hr. 5 min.,15+ - Teens 15 or older ,꿈꾸는 70세 노인과 재능 있는 23세 청년이 서로를 가혹한 현실에서 이끌어 내며 발레리노가 되기 위한 도전에 맞서 성장합니다.,"Park In Hwan, Song Kang, Na Moon Hee, Hong Seung Hee, Kim Tae Hoon, Yoon  Ji Hye","Friendship,  Life,  Drama,  Family ","Ballet, Dream, Life Lesson, Old-Young Generation, Unusual Friendship, Ballet Dancer, Personal Growth, Adapted From A Webtoon, Father-Son Relationship, Second Chance",#12,9.0
Happiness,2021,"Nov  5, 2021 - Dec 11, 2021"," Friday, Saturday",12,tvN ,1 hr. 5 min.,15+ - Teens 15 or older ,치명적인 새로운 바이러스 변종이 도시 전역으로 퍼져나가고 있습니다. 서로 다른 계층의 사람들이 살고 있는 한 아파트 단지가 현재 격리 상태에 있습니다. 주민들은 바이러스와 계층 간 잠재적 갈등 모두를 두려워하며 새로운 환경에서 살아남아야 합니다.,"Han Hyo Joo, Park Hyung Sik, Jo  Woo Jin, Lee Joon Hyuk, Park Joo Hee, Baek Hyun Jin","Action,  Thriller,  Drama,  Fantasy ","Disease, Strong Female Lead, Survival, Virus, Fake Marriage, Zombies, Discrimination, Slow Burn Romance, Infectious Disease, Illness",#13,9.0
Vincenzo,2021,"Feb 20, 2021 - May  2, 2021"," Saturday, Sunday",20,"Netflix,  tvN ",1 hr. 25 min.,15+ - Teens 15 or older ,"8살 때 입양되어 이탈리아로 간 박주형은 이제 어른이 되었습니다. 마피아들에게는 빈센조 카사노라는 이름으로 알려져 있으며, 그들의 참모 역할을 하고 있습니다. 마피아 조직들 간의 전쟁으로 인해 그는 한국으로 도피하게 되며, 이곳에서 변호사 홍차영과 연류게 됩니다. 홍차영은 승리하기 위해서라면 무엇이든 할 수 있는 타입의 변호사입니다. 모국으로 돌아온 그는 정의를 바탕으로 한 보복으로 거대 재벌에게 고유의 맛을 선사합니다.","Song Joong Ki, Jeon Yeo Been, Ok Taec Yeon, Kim Yeo Jin, Jo Han Chul, Kwak Dong Yeon","Comedy,  Law,  Crime,  Drama ","Mafia, Revenge, Smart Male Lead, Eccentric Female Lead, Injustice, Charming Male Lead, Bromance, Father-Daughter Relationship, Badass Male Lead, Smart Female Lead",#14,9.0
Crash Landing on You,2019,"Dec 14, 2019 - Feb 16, 2020"," Sunday, Saturday",16,"Netflix,  tvN ",1 hr. 25 min.,15+ - Teens 15 or older ,"한국의 유명 재벌가 딸인 윤세리가 패러글라이딩 사고로 북한에 불시착하게 됩니다. 거기서 그녀는 북한 군인 리정혁을 만나게 되고, 그는 윤세리가 남한으로 돌아가는 것을 돕기로 합니다. 두 나라 사이의 긴장 관계에도 불구하고, 둘은 서서히 사랑에 빠지게 됩니다.","Hyun Bin, Son Ye Jin, Seo Ji Hye, Kim Jung Hyun, Yang Kyung Won, Lee Shin Young","Military,  Comedy,  Romance,  Political ","North And South Korea, Star Crossed Lovers, Lovers From Different Countries, Strong Male Lead, Army Officer, Rich Female Lead, North Korean, Soldier, Fate, Nice Male Lead",#15,9.0
SKY Castle,2018,"Nov 23, 2018 - Feb  1, 2019"," Friday, Saturday",20,jTBC ,1 hr. 15 min.,15+ - Teens 15 or older ,"한서진, 노승혜, 진진희, 그리고 이명주는 모두 부유한 의사와 교수들이 거주하는 럭셔리 프라이빗 주거단지인 '스카이캐슬'에서 가족들과 함께 살고 있습니다. 이 여성들 모두는 자녀들이 명문대학에 입학하기를 바라며 적극적으로 자녀 교육을 지원하고 있습니다.","Yeom Jung Ah, Lee Tae Ran, Yoon Se Ah, Oh Na Ra, Kim Seo Hyung, Jung Joon Ho","Mystery,  Psychological,  Drama,  Family ","Multiple Mains, Social Commentary, Sibling, Medical, Social Satire, Female Centered Plot, Satire, Hospital, Mother-Daughter Relationship, Death",#16,8.9
Kingdom,2020,"Mar 13, 2020", Friday,6,Netflix ,45 min.,18+ Restricted (violence & profanity) ,"1시즌의 사건을 지나, 시체들의 물결이 수도를 향해 밀려오고 있습니다. 전염병 기간 동안 백성들을 구하고 왕위를 되찾기 위해, 이창 왕세자는 조학주를 몰아내기 위해 노력합니다. 한편 왕비는 시간과의 레이스를 펼치며 후계자를 낳으려 합니다.","Joo Ji Hoon, Bae Doo Na, Kim Sung Gyu, Ryu Seung Ryong, Kim  Sang Ho, Jun Suk Ho","Thriller,  Historical,  Horror,  Supernatural ","Zombies, Corruption, Strong Male Lead, Gore, Strong Female Lead, Power Struggle, Smart Female Lead, Death, Palace Politics, Greed",#17,8.9
Mr. Sunshine,2018,"Jul  7, 2018 - Sep 30, 2018"," Saturday, Sunday",24,"Netflix,  tvN ",1 hr. 20 min.,15+ - Teens 15 or older ,"미스터 션샤인은 하인 집안에서 태어난 한 소년이 1871년 신미양요 때 미국으로 건너가 미국 해병대 장교가 되어 조국으로 돌아오는 이야기입니다. 그는 한 양반가의 딸과 사랑에 빠지게 되지만, 동시에 외세가 조선을 식민지화하려는 음모를 발견하게 됩니다.","Lee Byung Hun, Kim Tae Ri, Kim Min Jung, Yoo Yeon Seok, Byun Yo Han, Kim Gab Soo","Military,  Historical,  Romance,  Melodrama ","Independent Female Lead, Strong Male Lead, Strong Female Lead, Smart Male Lead, Bromance, Soldier, Foreigner, Rebellion, Japanese Colonial Rule, Sismance",#18,8.9
Healer,2014,"Dec  8, 2014 - Feb 10, 2015"," Monday, Tuesday",20,KBS2 ,60 min.,15+ - Teens 15 or older ,"서정후는 고객들에게 ""힐러""라고만 알려진 특별한 종류의 야간 배달원이다. 적절한 대가를 받고 천재 해커의 도움을 받아, 살인이 아니라면 고객이 원하는 것은 무엇이든 구해준다. 최근 그가 맡은 일로 인해 기자 채영신과 성공한 기자 김문호를 만나게 되면서, 두 기자와 자신의 과거 인연의 수수께끼를 파헤치기 시작한다. 이로 인해 모두가 위험에 빠지게 된다.","Ji Chang Wook, Park Min Young, Yoo Ji Tae, Kim  Mi Kyung, Park Sang Won, Do Ji Won","Action,  Thriller,  Mystery,  Romance ","Double Identity, Hidden Identity, Smart Male Lead, Strong Male Lead, Childish Female Lead, Fight, Secret, Sassy Female Lead, Reporter, Trauma",#19,8.9
Stranger,2017,"Jun 10, 2017 - Jul 30, 2017"," Saturday, Sunday",16,"Netflix,  tvN ",1 hr. 10 min.,15+ - Teens 15 or older ,"황시목은 어린 시절 과격한 성격을 억제하기 위해 뇌수술을 받았고, 그로 인해 감정이 없어졌습니다. 황시목은 날카로운 지능과 논리력으로 유명한 검사가 되었지만, 공감 능력과 사회성 결여로 인해 동료들로부터 소외당했습니다. 또한 그는 뇌물을 거부한 소수의 굳건한 검사 중 한 명이었습니다. 어느 날 그는 부패 사건을 수사하던 중 흉기 상해 사건 피해자를 만나게 됩니다. 그는 현장에서 한여진 형사를 만나 검찰청 내 부패 근절과 연쇄 살인 사건 해결을 위해 힘을 합치게 됩니다.","Jo Seung Woo, Bae Doo Na, Lee Joon Hyuk, Yoo Jae Myung, Shin Hye Sun, Choi Jae Woong","Thriller,  Mystery,  Law,  Drama ","Suspense, Investigation, Corruption, Crime Solving Duo, Murder, Calm Male Lead, Alexithymia, Emotionless Male Lead, Strong Female Lead, Smart Female Lead",#20,8.9
Goblin,2016,"Dec  2, 2016 - Jan 21, 2017"," Friday, Saturday",16,tvN ,1 hr. 22 min.,15+ - Teens 15 or older ,"김신은 한때 고려의 군대에서 무적의 장군이었지만 비극적인 죽음을 맞이했습니다. 그는 이제 불멸의 존재가 되었지만, 주위 모든 사람들이 죽어가는 것을 보며 살아가는 것에 지쳐 있습니다. 900년 동안 김신은 자신의 불멸을 끝낼 수 있는 인간 신부를 찾아 헤맸습니다. 어느 날 그는 지은탁, 긍정적이고 밝은 고등학생을 만나게 됩니다. 지은탁은 죽은 자들을 볼 수 있고 비극적 사건을 겪었지만 여전히 강한 의지를 지니고 있습니다. 그녀는 스스로를 김신의 신부라 주장하며 그의 불멸을 끝낼 수 있다고 말합니다. 하지만 쉬워 보이는 일이 점점 복잡해지면서 두 사람은 사랑에 빠지게 됩니다.","Gong Yoo, Kim Go Eun, Lee Dong Wook, Yoo In Na, Yook Sung Jae, Lee El","Comedy,  Romance,  Fantasy,  Melodrama ","Supernatural, Grim Reaper, Older Man/Younger Woman, Interspecies Romance, Dokkaebi, Fate, Tearjerker, Bromance, Death, Heartfelt",#21,8.8
Hometown Cha-Cha-Cha,2021,"Aug 28, 2021 - Oct 17, 2021"," Saturday, Sunday",16,"Netflix,  tvN ",1 hr. 20 min.,15+ - Teens 15 or older ,"'고향 채챈는채챈'은 공진 해안가 마을을 배경으로 한 사랑 이야기입니다.","Shin Min Ah, Kim Seon Ho, Lee Sang Yi, In Gyo Jin, Jo Han Chul, Lee Bong Ryun","Comedy,  Romance,  Life ","Rural Village, Dentist, Healing, Kind-hearted Male Lead, Nice Female Lead, Cheerful Male Lead, Nice Male Lead, Bickering Couple, Rural Life, Hardworking Male Lead",#22,8.8
The Uncanny Counter,2020,"Nov 28, 2020 - Jan 24, 2021"," Saturday, Sunday",16,"Netflix,  OCN ",1 hr. 10 min.,15+ - Teens 15 or older ,"영원한 생명을 추구하며 지구로 되돌아온 악령들을 잡기 위해, 국수 가게 직원들의 가면을 쓴 '카운터'라 불리는 악마 사냥꾼들의 이야기를 그리고 있습니다.","Cho Byeong Kyu, Yoo  Joon Sang, Kim Se Jeong, Yeom Hye Ran, Ahn Suk Hwan, Lee Hong Nae","Action,  Mystery,  Drama,  Supernatural ","Special Power, Righteous Male Lead, Evil Spirit, Strong Female Lead, Multiple Mains, Orphan Male Lead, Spirit, School Bullying, Childhood Trauma, Nice Male Lead",#23,8.8
D.P.,2021,"Aug 27, 2021", Friday,6,Netflix ,50 min.,15+ - Teens 15 or older ,"준호 이병은 다른 한국 청년들처럼 정상적으로 군 복무를 하던 혼란스러운 젊은이였다. 어느 날 갑자기 그는 군 탈영자 체포팀의 일원이 되었다. 그렇게 되면서 그의 임무는 탈영병들을 체포하는 것이 되었고, 일부 군인들이 왜 공식적인 휴가 없이 부재 중일 수밖에 없었는지에 대한 더욱 걱정스러운 사례들과 맞서야 했다.","Jung Hae In, Koo Kyo Hwan, Kim Sung Kyun, Son Seok Koo, Hong Kyung, Jo Hyun Chul","Action,  Military,  Comedy,  Drama ","Abuse, Soldier, Military Abuse, Violence, PTSD, Bromance, Overcoming Trauma, Adapted From A Webtoon, Sexual Assault, Desertion",#24,8.8
Kingdom,2019,"Jan 25, 2019", Friday,6,Netflix ,51 min.,18+ Restricted (violence & profanity) ,"조선 왕이 천연두로 숨을 거두자마자 왕의 죽음에 대한 소문이 퍼지기 시작했다. 임신 중인 왕비와 왕비 부친 조정 최고 의정부 신하인 조학주의 조씨 가문에서는 왕세자를 반역자로 규정했다.","Joo Ji Hoon, Ryu Seung Ryong, Bae Doo Na, Kim Sung Gyu, Kim Chan Yi, Kim  Sang Ho","Thriller,  Historical,  Horror,  Political ","Joseon Dynasty, Adapted From A Webtoon, Power Struggle, Gore, Nice Male Lead, Strong Male Lead, Survival, Corruption, Strong Female Lead, Epidemic",#25,8.8
The Penthouse,2020,"Oct 26, 2020 - Jan  5, 2021"," Monday, Tuesday",21,SBS ,1 hr. 25 min.,15+ - Teens 15 or older ,"헤라팰리스는 100층 규모의 호화 펜트하우스 아파트로, 거주민들은 수많은 비밀과 숨겨진 야심을 지니고 있습니다. 부유한 가정에서 태어난 심수연은 이 펜트하우스의 여왕 역할을 하고 있습니다. 주민들 사이에서 절대적인 위치를 차지하는 천서진은 자신의 딸에게 모든 것을 주기 위해 전력을 다합니다. 가난한 가정 출신인 오윤희는 펜트하우스 여왕이 되는 것을 성공의 정점으로 여기며 상류사회에 진입하기 위해 노력합니다. 서울에서 가장 부러움을 사는 이 펜트하우스를 두고 부와 권력, 그리고 권세를 얻기 위한 전투가 시작됩니다.","Lee Ji Ah, Kim So Yeon, Eugene, Uhm Ki Joon, Bong Tae Kyu, Shin Eun Kyung","Thriller,  Mystery,  Drama,  Family ","Betrayal, Revenge, Greed, Jealousy, Female Centered Plot, Married Couple, Opera Singer, Motherhood, Twins, School Bullying",#26,8.8
Weightlifting Fairy Kim Bok Joo,2016,"Nov 16, 2016 - Jan 11, 2017"," Wednesday, Thursday",16,MBC ,60 min.,15+ - Teens 15 or older ,"복주는 금메달 획득이라는 꿈을 향해 나아가는 웨이트 리프터입니다. 하지만 그녀는 인생에서 처음으로 사랑을 맛보게 됩니다. 무거운 철근을 들어 올리며 훈련하는 여성이지만, 관계에 있어서는 매우 여성스러운 모습을 보입니다. 웨이트리프팅에만 전념한다면 그녀의 관계가 위태로워질 수 있지만, 사랑을 위해 웨이트리프팅 경력을 포기한다면 꿈을 이루지 못할 것입니다. 과연 20세의 나이에 사랑과 영광을 모두 손에 쥘 수 있을까요? 이 드라마의 등장인물들은 웨이트리프팅, 수영, 리듬체조 등 엘리트 운동선수들로, 인생의 목표를 향해 열심히 노력합니다. 그들의 성장기와 바쁜 삶 속에서 펼쳐지는 관계를 그리고 있습니다.","Lee Sung Kyung, Nam Joo Hyuk, Lee Jae Yoon, Kyung Soo Jin, Cho Hye Jung, Lee Joo Young","Comedy,  Romance,  Youth,  Sports ","College Life, Dream, Friends To Lovers, Weightlifting, Strong Female Lead, Bantering Relationship, Male Chases Female First, Tomboy, Swimming, Sismance",#27,8.8
The Devil Judge,2021,"Jul  3, 2021 - Aug 22, 2021"," Saturday, Sunday",16,tvN ,1 hr. 10 min.,15+ - Teens 15 or older ,"다음은 현재 한국을 디스토피아적 버전으로 묘사한 내용입니다. 일상생활이 혼란에 빠져있고 사회가 붕괴되어 사람들이 지도자들에 대한 불신과 증오를 공공연히 드러내고 있습니다. 법과 질서가 부재한 이 세계에서 재판장 강판사는 변화의 필요성을 제기합니다. 그의 법정은 리얼리티 쇼의 대상이 되어 있으며, 그는 가차없이 유죄자들을 처벌하여 ""악마 판사""라는 별명을 얻게 됩니다. 논란의 인물이자 진정한 정체와 야망을 감추고 있는 그를 두고 대중은 그가 진정한 영웅인지, 아니면 고의적으로 법정에서 불만을 부추기는 인물인지 확신하지 못하고 있습니다.","Ji Sung, Kim Min Jung, Park Jin Young, Park Gyu Young, Jeon Chae Eun, Kim Jae Kyung","Mystery,  Law,  Crime,  Drama ","Judge, Tough Past, Dystopia, Antihero, Bromance, Hardworking Male Lead, Courtroom, Corruption, Strong Female Lead, Mysterious Male Lead",#28,8.8
Life on Mars,2018,"Jun  9, 2018 - Aug  5, 2018"," Saturday, Sunday",16,OCN ,1 hr. 5 min.,15+ - Teens 15 or older ,"범죄수사팀의 리더인 한태주는 모든 것보다 데이터를 신뢰함으로써 경력을 쌓아왔고 계급도 올랐습니다. 어느 날, 그는 연쇄살인 사건을 수사하던 중 사고를 당합니다. 눈을 떴을 때 그는 갑자기 1988년 겨울로 돌아간 것을 발견합니다. 왜 그렇게 되었는지 모르지만, 이제 그는 한 시골 마을의 경찰서에 배치된 형사가 되어 있습니다. 현재로 돌아가기 위해 한태주는 그 사건을 해결하려 노력합니다.","Jung Kyung Ho, Park Sung Woong, Go Ah Sung, Oh Dae Hwan, Noh Jong Hyun, Jun Suk Ho","Action,  Mystery,  Comedy,  Supernatural ","1980s, Police Procedural, Bromance, Calm Male Lead, Smart Male Lead, Strong Friendship, Hallucination, Strong Female Lead, Serial Killer, Coma",#29,8.8
The Penthouse 2,2021,"Feb 19, 2021 - Apr  2, 2021"," Friday, Saturday",13,SBS ,1 hr. 15 min.,15+ - Teens 15 or older ,"오윤희를 성공적으로 모함한 후, 천서진과 주단태는 결혼을 결심했습니다. 그들의 약혼식은 미국에서 돌아온 하윤철과 오윤희에 의해 중단됩니다. 비밀들이 드러나면서 헤라궁 사람들 사이의 관계가 얽히게 되고, 또 다른 미스터리한 인물이 나타나 그들을 대면하게 됩니다.","Kim So Yeon, Eugene, Lee Ji Ah, Uhm Ki Joon, Yoon Jong Hoon, Shin Eun Kyung","Thriller,  Mystery,  Drama,  Family ","Revenge, Corruption, High Class Society, Female Centered Plot, Greed, Infidelity, Murder, Family Relationship, Betrayal, Married Couple",#30,8.8
Beyond Evil,2021,"Feb 19, 2021 - Apr 10, 2021"," Friday, Saturday",16,jTBC ,1 hr. 5 min.,15+ - Teens 15 or older ,"연쇄 살인범이 그들의 조용한 도시를 뒤흔들고 있는 가운데, 그를 추적하기 위해 극단적인 길을 마다하지 않는 두 명의 용감한 남성을 만나보세요:","Shin Ha Kyun, Yeo Jin Goo, Choi Dae Hoon, Kim Shin Rok, Choi Sung Eun, Choi Jin Ho","Thriller,  Mystery,  Psychological,  Drama ","Determined Male Lead, Investigation, Suspense, Murder, Wrongfully Accused, Psychological Manipulation, Smart Male Lead, Trauma, Serial Killer, Obsession",#31,8.8
Taxi Driver,2021,"Apr  9, 2021 - May 29, 2021"," Friday, Saturday",16,SBS ,1 hr. 5 min.,18+ Restricted (violence & profanity) ,"특수부대 장교로 복무하며 도기는 누구보다도 정직하게 살아왔습니다. 하지만 연쇄 살인마에 의해 어머니를 잃으면서 그는 고통스러운 나날을 보내게 됩니다. 억울함과 상처를 안고 있던 도기는 무지개택시 회사의 장성철을 만나게 됩니다. 장성철은 도기를 자신의 회사에 스카웃합니다. 무지개택시는 평범한 택시 회사가 아닌, 법의 보호를 받지 못한 피해자들을 대신해 복수해 주는 비밀 조직입니다. 여기서 도기는 만족스러운 복수를 선사하는 스타 운전기사가 됩니다. 한편 검사 하나는 무지개택시를 수사하게 됩니다. 그녀는 그들의 불법 행위에 분노하지만, 동시에 법으로 해결할 수 없는 사건들을 그들이 해결하는 모습에 혼란스럽기도 합니다. 복수가 진정한 정의라고 믿는 이들과 무법자들을 추적하는 이들 사이에서 도기는 진정한 정의가 무엇인지 고민하게 됩니다.","Lee Je Hoon, Esom, Kim Eui Sung, Pyo Ye Jin, Cha Ji Yeon, Jang Hyuk Jin","Action,  Thriller,  Mystery,  Drama ","Adapted From A Webtoon, Taxi, Strong Male Lead, Investigation, Secret Organization, Smart Female Lead, Taxi Driver, Antihero, Calm Male Lead, Strong Female Lead",#32,8.8
Six Flying Dragons,2015,"Oct  5, 2015 - Mar 22, 2016"," Monday, Tuesday",50,SBS ,60 min.,15+ - Teens 15 or older ,"이방원을 중심으로 실존 인물과 가상 인물의 야망, 성장 그리고 몰락을 다룬 역사 드라마입니다.","Yoo Ah In, Kim Myung Min, Shin Se Kyung, Byun Yo Han, Yoon Kyun Sang, Chun Ho Jin","Action,  Historical,  Drama,  Political ","Revolution, Power Struggle, Political Intrigue, Sword-fight, Taejong, Scheme, Taejo, Smart Male Lead, Goryeo Dynasty, Bromance",#33,8.8
The Guest,2018,"Sep 12, 2018 - Nov  1, 2018"," Wednesday, Thursday",16,OCN ,1 hr. 7 min.,18+ Restricted (violence & profanity) ,"보력 가문에서 태어난 젊은 영매 윤화평은 '손(Guest)'이라 불리는 강력한 악마에 대해 알게 됩니다. 이 악마는 다른 악마들을 지배할 수 있는 힘을 가지고 있으며, 약한 사람들에게 악마가 들렸다 나오게 할 수 있습니다. 악마에 사로잡힌 사람들은 정신을 잃고 가족들을 살해하고 자신의 눈을 찌르게 됩니다. 운명적으로 화평, 가톨릭 신자 가정에서 태어난 청년 최윤, 그리고 형사의 딸 강길영이 가족들이 악마에 살해당하면서 만나게 됩니다.","Kim Dong Wook, Kim Jae Wook, Jung Eun Chae, Lee Won Jong, Park Ho San, Ahn Nae Sang","Thriller,  Mystery,  Horror,  Supernatural ","Exorcism, Death, Demon, Possessed, Shamanism, Murder, Psychic, Strong Female Lead, Priest, Policewoman",#34,8.8
Racket Boys,2021,"May 31, 2021 - Aug  9, 2021"," Monday, Tuesday",16,"Netflix,  SBS ",1 hr. 15 min.,15+ - Teens 15 or older ,해남 중학교 남자 배드민턴 팀의 이야기를 통해 선수로서뿐만 아니라 한 인간으로서도 성장하는 모습을 그리고 있습니다.,"Kim Sang Kyung, Oh Na Ra, Tang Jun Sang, Son Sang Yeon, Choi Hyun Wook, Kim Kang Hoon","Friendship,  Comedy,  Youth,  Sports ","Coliving, Boarding House, Charismatic Female Lead, Legend, Rural Life, Working Mom, Athlete, Tough Female Lead, Tough Male Lead, Badminton",#35,8.8
Youth of May,2021,"May  3, 2021 - Jun  8, 2021"," Monday, Tuesday",12,KBS2 ,1 hr. 10 min.,15+ - Teens 15 or older ,"희태는 서울대학교 의과대학에 수석 입학하며 광주의 자랑거리가 됩니다. 그의 친구 경수는 열렬한 민주화 운동가로서, 정부를 피해 도망가는 학생들을 위한 불법 진료소를 열자고 주장합니다. 어느 날, 한 공장 노동자가 시위 중 부상을 입게 됩니다. 본인과 그 노동자를 고향으로 은밀히 이송하는 대가로, 희태는 아버지가 주선한 잠재적 배우자를 만나러 가야 합니다. 이 만남에서 희태는 명희라는 간호사를 만나게 되는데, 명희는 삶의 역경을 참고 있었습니다. 명희는 독일 유학 비행기표 값을 마련하기 위해 친구 수련 대신 이 만남에 나올 뿐이었습니다. 그러나 명희와 희태는 서로 사랑에 빠지게 됩니다. 1980년 5월, 광주 전역에 민주화를 향한 뜨거운 열망과 외침이 메아리치는 가운데, 희태와 명희는 운명의 굴레에 휘말립니다.","Lee Do Hyun, Go Min Si, Lee Sang Yi, Geum Sae Rok, Oh Man Suk, Uhm Hyo Sub","Historical,  Romance,  Drama,  Melodrama ","1980s, Nurse, Rich Man/Poor Woman, Gwangju Uprising, Medical Student, Strong Female Lead, Smart Female Lead, Forbidden Love, Star Crossed Lovers, Tearjerker",#36,8.8
Mouse,2021,"Mar  3, 2021 - May 19, 2021"," Wednesday, Thursday",20,tvN ,1 hr. 15 min.,18+ Restricted (violence & profanity) ,"정신병자를 미리 식별할 수 있다면 어떨까?""라는 핵심 질문을 던지는 서스펜스 가득한 이야기입니다. 광란의 연쇄살인마의 무자비한 살인으로 온 나라가 공포에 휩싸였고, 혼란이 지배하고 있습니다. 정의를 갈구하는 신참 경찰관 정바름은 그 살인마와 마주치게 됩니다. 정바름은 위험한 정신병자와의 대면에서 살아남지만, 그의 삶은 눈앞에서 완전히 바뀌게 됩니다.","Lee Seung Gi, Lee Hee Joon, Park Joo Hyun, Kyung Soo Jin, Woo Ji Hyun, Ahn Jae Wook","Thriller,  Mystery,  Sci-Fi ","Psychopath, Murder, Serial Killer, Investigation, Character Development, Detective, Neurosurgeon, Extreme Violence, Child Sexual Abuse, Flashback To Past",#37,8.7
Sweet Home,2020,"Dec 18, 2020", Friday,10,Netflix ,52 min.,18+ Restricted (violence & profanity) ,"가족을 사고로 잃은 후 외로운 삶을 살아가던 차현수는 새로운 아파트로 이사를 갑니다. 조용한 생활을 보내던 그의 일상에 이상한 일들이 발생하기 시작하고, 이런 일은 전국으로 번집니다. 사람들이 점점 괴물로 변해가면서 현수와 다른 주민들은 살아남기 위해 몸부림칩니다.","Song Kang, Lee Jin Wook, Lee Si Young, Lee Do Hyun, Kim Nam Hee, Go Min Si","Horror,  Drama,  Sci-Fi,  Supernatural ","Monsters, Gore, Survival, Character Development, Adapted From A Webtoon, Supernatural Phenomena, Multiple Mains, Trauma, School Bullying, Attempted Suicide",#38,8.7
18 Again,2020,"Sep 21, 2020 - Nov 10, 2020"," Monday, Tuesday",16,jTBC ,1 hr. 10 min.,15+ - Teens 15 or older ,결혼 20년 가까이 된 정다정과 홍대영 부부는 가정생활에 잘 적응한 것 같습니다. 18살 된 쌍둥이 자녀들의 자랑스러운 부모인 이 헌신적인 부부는 행복한 가정을 만들기 위해 열심히 노력해왔습니다. 하지만 겉으로 보기에는 이상적인 삶이 실제로는 전혀 그렇지 않습니다. 대영의 지겨운 잡담에 지쳐버린 다정은 정신이 혼미해져 있습니다. 대영이 해고되었다고 말하자 다정은 완전히 포기해 버립니다. 남편 없이 살면 인생이 더 나을 것이라 확신한 다정은 주저하지 않고 이혼 서류를 제출합니다.,"Kim Ha Neul, Yoon Sang Hyun, Lee Do Hyun, Roh Jeong Eui, Ryeoun, Wi Ha Joon","Romance,  Life,  Drama,  Fantasy ","Second Chance, Personal Growth, First Love, Return To Past, Father-Son Relationship, Divorce, Remake, Married Couple, Hardworking Female Lead, Father-Daughter Relationship",#39,8.7
Chicago Typewriter,2017,"Apr  7, 2017 - Jun  3, 2017"," Friday, Saturday",16,tvN ,1 hr. 10 min.,15+ - Teens 15 or older ,이 드라마는 1930년대 일본 점령 시대와 21세기라는 두 시대를 배경으로 두 남자와 한 여자의 삶을 따라갑니다. 세 명의 주요 인물은 다음과 같습니다:,"Yoo Ah In, Im Soo Jung, Go Kyung Pyo, Kwak Shi Yang, Jo  Woo Jin, Oh Na Ra","Comedy,  Romance,  Supernatural,  Political ","Reincarnation, Strong Friendship, Writer, Hardworking Male Lead, Hardworking Female Lead, Strong Female Lead, Successful Male Lead, Bromance, Flashback To Past, Tragic Past",#40,8.7
Defendant,2017,"Jan 23, 2017 - Mar 21, 2017"," Monday, Tuesday",18,SBS ,1 hr. 10 min.,15+ - Teens 15 or older ,"박정우는 서울중앙지방검찰청의 검사입니다. 어느 날 아침, 그는 눈을 떴지만 자신이 사형수로 있는 것을 발견합니다. 일시적 기억상실증을 겪고 있는 정우는 자신이 어떻게 해서 감옥에 갇히게 되었는지 전혀 모르겠습니다. 그는 시간이 모두 지나가기 전에 기억을 되찾고 자신의 이름을 깨끗이 하기 위해 애씁니다.","Ji Sung, Uhm Ki Joon, Kwon Yu Ri, Oh Chang Seok, Uhm Hyun Kyung, Jung Dong Gyu","Thriller,  Mystery,  Law,  Drama ","Prison, Murder, Amnesia, Wrongfully Accused, Identity Swap, Bromance, Prisoner, Identical Twins, Suspense, Good Twin/Evil Twin",#41,8.7
While You Were Sleeping,2017,"Sep 27, 2017 - Nov 16, 2017"," Wednesday, Thursday",32,SBS ,30 min.,15+ - Teens 15 or older ,불길한 예감 꿈을 꾸는 한 젊은 여성이 갑자기 동일한 능력을 가진 두 사람을 만나게 됩니다.,"Bae Suzy, Lee Jong Suk, Jung Hae In, Lee Sang Yeob, Hwang Young Hee, Shin Jae Ha","Mystery,  Romance,  Drama,  Fantasy ","Precognition, Nice Male Lead, Neighbors, Murder, Tragic Past, Childhood Acquaintance, Smart Male Lead, Steamy Kiss, Strong Female Lead, Healing",#42,8.7
Dear My Friends,2016,"May 13, 2016 - Jul  2, 2016"," Friday, Saturday",16,tvN ,1 hr. 10 min.,15+ - Teens 15 or older ,"박완은 번역가로, 어머니 장난희에 의해 계속해서 친구들인 조희자, 문정아, 오충남, 이영원과 어울리도록 종용받는다. 이야기는 그들이 관계와 가족을 통해 자신을 재발견하고, 나이로 인한 어려움에 직면하며, 박완에게 자신들의 인생 여정을 소설로 써줄 것을 바라는 황혼기 친구들의 모습을 중심으로 전개된다.","Go Hyun Jung, Kim Hye Ja, Na Moon Hee, Go Doo Shim, Park Won Sook, Youn Yuh Jung","Life,  Drama,  Family,  Melodrama ","Best Friends, Life Lesson, Female Centered Plot, Senior Citizen, Mother-Son Relationship, Mother-Daughter Relationship, Multiple Couples, Single Mother, Sismance, Family Conflict",#43,8.7
Dr. Romantic 2,2020,"Jan  6, 2020 - Feb 25, 2020"," Monday, Tuesday",16,SBS ,1 hr. 10 min.,15+ - Teens 15 or older ,"여기 자그마하고 겸손한 돌담병원이라는 곳에서 벌어지는 ""진정한 의사"" 이야기가 있습니다. 이 이야기는 천재 의사 김사부를 만나고 ""진정한 로맨스""를 발견하게 되는 사람들에 관한 이야기입니다.","Han Seok Kyu, Ahn Hyo Seop, Lee Sung Kyung, Kim Joo Heon, Shin Dong Wook, So Ju Yeon","Romance,  Drama,  Medical,  Melodrama ","Hospital, Smart Male Lead, Character Development, Bickering Couple, Love/Hate Relationship, Smart Female Lead, Hardworking Female Lead, Nurse, Healing, Nervous Female Lead",#44,8.7
"Kill Me, Heal Me",2015,"Jan  7, 2015 - Mar 12, 2015"," Wednesday, Thursday",20,MBC ,1 hr. 2 min.,15+ - Teens 15 or older ,"트라우마로 가득한 유년 시절의 경험으로 인해 차도현은 기억상실과 해리성 장애를 겪게 됩니다. 이로 인해 그는 7가지 뚜렷한 개성을 갖게 되었습니다. 자신의 삶을 통제하고 싶어 하는 도현은 정신과 인턴 오리진에게 도움을 요청하지만, 결국 리진은 그의 한 개성에 빠져들게 됩니다. 리진의 쌍둥이 형제이자 유명 미스터리 소설가인 오리온은 도현과 그의 가족에 대해 조사를 벌입니다.","Ji Sung, Hwang Jung Eum, Park Seo Joon, Kim Yoo Ri, Oh Min Suk, Kim Young Ae","Psychological,  Comedy,  Romance,  Drama ","Dissociative Identity Disorder, Trauma, Boss-Employee Relationship, Rich Male Lead, Mental Health, PTSD, Psychiatry, Nice Male Lead, Mean Male Lead, Rich Man/Poor Woman",#45,8.7
Arthdal Chronicles Part 2,2019,"Jun 22, 2019 - Jul  7, 2019"," Saturday, Sunday",6,"Netflix,  tvN ",1 hr. 21 min.,15+ - Teens 15 or older ,타곤은 이제 아르데일에서 가장 강력한 인물이 되었습니다. 그는 라이벌 부족인 해족의 딸 태알하와만 야심을 공유하며 친밀한 관계를 유지하고 있습니다.,"Song Joong Ki, Kim Ji Won, Jang Dong Gun, Kim Ok Bin, Jo Sung Ha, Park Hae Joon","Historical,  Romance,  Fantasy,  Political ","Twins, War, Power Struggle, Revenge, Slavery, Good Twin/Evil Twin, Strong Female Lead, Character Development, Father-Daughter Relationship, Sibling",#46,8.7
Misaeng,2014,"Oct 17, 2014 - Dec 20, 2014"," Friday, Saturday",20,tvN ,1 hr. 20 min.,15+ - Teens 15 or older ,"장그래는 어렸을 때부터 바둑을 두어왔습니다. 프로바둑기사가 되려는 계획이 무산되자, 운이 나빴던 그는 지인의 소개로 대기업 원인터내셔널에 인턴직으로 취직하게 됩니다.","Im Si Wan, Lee Sung Min, Kang So Ra, Kang Ha Neul, Byun Yo Han, Kim Dae Myung","Friendship,  Business,  Life,  Drama ","Office Worker, Workplace Abuse, Teamwork, Adapted From A Webtoon, Hardworking Male Lead, Workplace, Smart Female Lead, Strong Female Lead, Nice Male Lead, Hardworking Female Lead",#47,8.7
Arthdal Chronicles Part 3,2019,"Sep  7, 2019 - Sep 22, 2019"," Saturday, Sunday",6,"Netflix,  tvN ",1 hr. 20 min.,15+ - Teens 15 or older ,"1부와 2부에 이어, 타곤은 마침내 원하는 바를 얻어 왕좌에 올랐습니다. 그러나 이제 그의 생명과 왕좌가 위협받고 있습니다. 은섬이 아르스의 노예와 농민들 사이에서 세력을 모으며 지배층에 맞서 싸우기 시작했기 때문입니다. 타곤은 지금까지 자신의 네안데르탈인 혼혈 신분을 세상에 숨겨왔지만, 이제 그의 눈동자가 보라색으로 빛나며 은섬과 맞서 전력을 다할 채비를 하고 있습니다.","Song Joong Ki, Kim Ji Won, Jang Dong Gun, Kim Ok Bin, Kim Sung Chul, Karata Erika","Historical,  Romance,  Fantasy,  Political ","Power Struggle, War, Supernatural Power, Strong Female Lead, Identical Twins, Curse, Revenge, Superhuman Strength, Pre-produced, Sibling",#48,8.7
My Name,2021,"Oct 15, 2021", Friday,8,Netflix ,50 min.,18+ Restricted (violence & profanity) ,"아버지의 살인 사건 이후, 복수에 불타는 여성이 거물 범죄조직 두목을 신뢰하게 되고, 그의 지시에 따라 경찰에 입문하게 됩니다.","Han So Hee, Park Hee Soon , Ahn Bo Hyun, Lee Hak Joo, Kim  Sang Ho, Jang Yool","Action,  Thriller,  Crime ","Revenge, Undercover Agent, Strong Female Lead, Double Identity, Crime Boss, Gang, Noir, Strong Male Lead, Drugs, Death",#49,8.7
Hotel del Luna,2019,"Jul 13, 2019 - Sep  1, 2019"," Saturday, Sunday",16,tvN ,1 hr. 20 min.,15+ - Teens 15 or older ,"서울의 번잡한 시내 중심부 깊숙한 곳에 호텔 하나가 자리 잡고 있습니다. 그런데 이 호텔은 아무도 본 적 없는 매우 특이한 곳입니다. 건물 자체가 수천 년의 세월이 흐른 것처럼 너무나 오래되었지만, 모든 것이 겉보기와 다를 수 있다는 사실을 보여주는 살아있는 증거이기도 합니다. 이 호텔의 CEO로 지난 천 년 동안 일해온 장만월은 탐욕스럽고 의심많은 영혼입니다. 어떤 신에 의해 분노와 증오, 복수심으로 제 자신을 파멸시키지 않도록 이 호텔에 붙잡혀 있게 되었습니다. 그녀가 벗어날 수 있는 유일한 방법은 원한과 증오심을 내려놓고 진정한 사랑을 찾는 것입니다. 하지만 배신에 대한 원한으로 인해 만월은 이 기이한 곳에서 영원히 갇혀 가장 특이한 손님들을 상대해야 하는 운명에 처해 있습니다.","IU, Yeo Jin Goo, Shin Jung Keun, Bae Hae Seon, P.O, Jo Hyun Chul","Horror,  Comedy,  Romance,  Fantasy ","Boss-Employee Relationship, Immortal, Strong Female Lead, Ghost, Ghost-seeing Male Lead, Supernatural, Hotel, Rich Female Lead, Nice Male Lead, Strong Friendship",#50,8.7
Dr. Romantic,2016,"Nov  7, 2016 - Jan 16, 2017"," Monday, Tuesday",20,SBS ,60 min.,15+ - Teens 15 or older ,"김사부는 한때 대형병원에서 전성기를 구가하던 유명한 외과의사였습니다. 그러나 어느 날 갑자기 모든 것을 포기하고 작은 마을에서 동네의사로 은둔 생활을 하게 됩니다. 그는 이제 '김선생'이라는 이름으로 자신을 '낭만닥터'라고 부릅니다. 한편 강동주는 가난한 환경에서 자란 뒤 의사가 되어 성공을 쟁취하고자 VIP 환자들을 찾아다닙니다. 윤서정은 과거의 실수에 시달리는 열정적인 젊은 외과의사로, 그 실수를 극복하려 노력합니다. 동주와 서정이 매력적인 김선생을 만나면서 그들의 인생과 경력은 영원히 바뀌게 됩니다.","Han Seok Kyu, Yoo Yeon Seok, Seo Hyun Jin, Choi Jin Ho, Yang Se Jong, Jang Hyuk Jin","Romance,  Drama,  Medical ","Surgeon, Strong Male Lead, Smart Male Lead, Strong Female Characters, Hardworking Female Lead, Hardworking Male Lead, Character Development, Smart Female Lead, Boss-Employee Relationship, Slow Burn Romance",#51,8.7
The Fiery Priest,2019,"Feb 15, 2019 - Apr 20, 2019"," Friday, Saturday",40,SBS ,35 min.,15+ - Teens 15 or older ,김해일은 가톨릭 신부입니다. 그는 종종 악의적인 발언을 하며 다른 사람들에게 무례할 수 있습니다. 구대영은 형사입니다. 그는 말이 많고 겁이 많은 편입니다. 박경선은 검사입니다. 그녀는 영리하고 아름답습니다. 또한 검사로서 야심차며 자신의 일에 능숙합니다.,"Kim Nam Gil, Kim Sung Kyun, Lee Ha Nee, Go Jun, Geum Sae Rok, Jeon Sung Woo","Action,  Mystery,  Comedy,  Crime ","Badass Male Lead, Priest, Eccentric Male Lead, Sassy Female Lead, Bromance, Aggressive Male Lead, Church, Strong Friendship, PTSD, Sismance",#52,8.7
Moon Lovers,2016,"Aug 29, 2016 - Nov  1, 2016"," Monday, Tuesday",20,SBS ,60 min.,15+ - Teens 15 or older ,"해가 완전히 가리는 일식이 있을 때마다, 고하진은 고려시대 태조왕 때로 시간 여행을 합니다. 그녀는 16살 해수의 몸으로 깨어나 8prins 왕욱의 집에서 살게 됩니다. 왕욱은 해수의 사촌과 결혼했습니다. 고하진은 곧 여러 왕자들과 친구가 되고 왕위 계승 다툼으로 인해 버림받은 4번째 왕자 왕소를 만납니다. 왕위 계승 음모에 휘말리지 말아야 한다는 것을 알고 있지만, 여러 왕자들이 그녀에게 반하게 되면서 그녀는 의도치 않게 왕위 계승 갈등의 말려들게 됩니다.","Lee Joon Gi, IU, Kang Ha Neul, Hong Jong Hyun, Nam Joo Hyuk, Byun Baek Hyun","Historical,  Romance,  Melodrama ","Goryeo Dynasty, Power Struggle, Sibling Rivalry, Tearjerker, Adapted From A Novel, Time Travel, Death, Gwangjong, Reverse-Harem, Obsession",#53,8.7
Descendants of the Sun,2016,"Feb 24, 2016 - Apr 14, 2016"," Wednesday, Thursday",16,KBS2 ,60 min.,15+ - Teens 15 or older ,외과의사와 특수부대 군인 사이에서 꽃피는 사랑 이야기입니다.,"Song Joong Ki, Song Hye Kyo, Jin Goo, Kim Ji Won, Lee Seung Jun, Seo Jung Yeon","Action,  Comedy,  Romance,  Melodrama ","Soldier, Hardworking Female Lead, Multiple Couples, Bromance, Hardworking Male Lead, Charming Male Lead, Gun Violence, Filmed Abroad, Friendship, Strong Friendship",#54,8.7
Hot Stove League,2019,"Dec 13, 2019 - Feb 14, 2020"," Friday, Saturday",16,SBS ,1 hr. 2 min.,15+ - Teens 15 or older ,메이저 리그 야구 팀의 준비 기간에 관한 내용입니다. 이 드라마는 신임 단장의 부임과 함께 기염을 토해야 할 시즌을 앞두고 있는 한 패자 팀에 초점을 맞추고 있습니다. 각 에피소드는 그들이 보다 강력한 팀이 되기 위해 준비하는 과정에서 마주하는 문제를 다룰 것입니다.,"Namkoong Min, Park Eun Bin, Cho Byeong Kyu, Oh Jung Se, Son Jong Hak, Kim Do Hyun","Drama,  Sports,  Melodrama ","Hardworking Female Lead, Baseball, Hardworking Male Lead, Workplace, Teamwork, General Manager, Corruption, Successful Male Lead, Tough Male Lead, Calm Male Lead",#55,8.7
Strong Woman Do Bong Soon,2017,"Feb 24, 2017 - Apr 15, 2017"," Friday, Saturday",16,jTBC ,1 hr. 7 min.,15+ - Teens 15 or older ,도봉순은 작고 실직 상태의 여성이지만 정직하고 친절합니다. 외모는 작고 귀엽게 보이지만 사실 엄청나게 강력한 힘을 가지고 있습니다. 그녀의 가족 여성들은 대대로 이웃을 위해 사용할 수 있는 헤라클레스와 같은 초인적 힘을 타고났습니다. 하지만 이 힘을 남용하면 능력이 사라지게 됩니다.,"Park Bo Young, Park Hyung Sik, Kim Ji Soo, Jun Suk Ho, Shim Hye Jin, Yoo Jae Myung","Action,  Thriller,  Comedy,  Romance,  Drama,  Supernatural ","Strong Female Lead, Female Lead Action Scenes, Love Triangle, Superhuman Strength, Strong Female Characters, Game Developer, Gangster, Nice Male Lead, Bodyguard, Workplace",#56,8.7
Law School,2021,"Apr 14, 2021 - Jun  9, 2021"," Wednesday, Thursday",16,"jTBC,  Netflix ",1 hr. 5 min.,15+ - Teens 15 or older ,"저명한 학교에서 끔찍한 사건이 발생했을 때, 엄격한 법학 교수와 야심 찬 학생들은 법을 통한 정의를 시험받게 됩니다.","Kim Myung Min, Kim Bum, Ryu Hye Young, Lee Jung Eun, Lee Soo Kyung, Lee David","Mystery,  Law,  Crime,  Drama ","Smart Male Lead, School, Student, University, Death, Hardworking Female Lead, Rich Male Lead, Law Student, Campus Life, Nice Male Lead",#57,8.7
Live,2018,"Mar 10, 2018 - May  6, 2018"," Saturday, Sunday",18,"Netflix,  tvN ",1 hr. 15 min.,15+ - Teens 15 or older ,"그 드라마는 경찰 조직 내에서 일어나는 사건들을 중심으로 전개되며, 정의를 수호하기 위해 노력하는 경찰관들이 겪는 기쁨, 슬픔, 그리고 고통을 다룹니다.","Lee Kwang Soo, Jung Yu Mi, Bae Sung Woo, Bae Jong Ok, Sung Dong Il, Jang Hyun Sung","Friendship,  Comedy,  Romance,  Crime ","Teamwork, Violence, Strong Friendship, Slice Of Life, Policewoman, Strong Female Lead, Smart Female Lead, Male Chases Female First, Rape, Nice Male Lead",#58,8.7
Tunnel,2017,"Mar 25, 2017 - May 21, 2017"," Saturday, Sunday",16,OCN ,60 min.,15+ - Teens 15 or older ,"1986년, 박광호는 열정적이고 탁월한 형사로 일하고 있었습니다. 연쇄 살인 사건을 추적하던 중 시간 통로를 지나 현재의 서울로 오게 됩니다. 그는 조금 괴짜 기질이 있지만 수준 높은 수사력을 가진 엘리트 형사 김선재를 새로운 파트너로 만납니다. 이 형사 듀오는 심리학 교수 신재이의 도움도 받게 됩니다.","Choi Jin Hyuk, Yoon Hyun Min, Lee Yoo Young, Jo Hee Bong, Kim Byung Chul, Kang Ki Young","Thriller,  Mystery,  Sci-Fi,  Fantasy ","Time Travel, Murder, Criminal Profiler, Serial Killer, Bromance, Hardworking Male Lead, Hidden Identity, Strong Female Lead, Character Development, Slight Romance",#59,8.7
Strangers from Hell,2019,"Aug 31, 2019 - Oct  6, 2019"," Saturday, Sunday",10,OCN ,60 min.,15+ - Teens 15 or older ,"윤종우는 20대 초반의 청년으로, 대학 친구 재호가 제안한 일자리 때문에 시골에서 서울로 상경했습니다. 거처를 찾던 중 그는 주방과 욕실을 다른 거주자들과 공유하는 저렴한 고시원인 '에덴 고시원'을 발견합니다. 그는 그 곳의 낮은 수준이나 매력적인 치과의사 서문조 같은 이상한 이웃 거주자들에 대해 별로 기쁘지 않습니다. 그래도 종우는 6개월 동안 돈을 모아 나갈 수 있을 때까지 그곳에서 견뎌내기로 합니다. 하지만 이상한 일들이 apartement에서 일어나기 시작하면서 종우는 거주자들을 두려워하기 시작합니다.","Im Si Wan, Lee Dong Wook, Lee Jung Eun, Ahn Eun Jin, Park Jong Hwan, Lee Joong Ok","Thriller,  Horror,  Psychological,  Drama ","Adapted From A Webtoon, Murder, PTSD, Gaslighting, Mental Illness, Mental Torment, Hostel, Trauma, Torture, Psychopath",#60,8.7
"It's Okay, That's Love",2014,"Jul 23, 2014 - Sep 11, 2014"," Wednesday, Thursday",16,SBS ,60 min.,15+ - Teens 15 or older ,"냉정한 성격에도 불구하고, 장재열은 미스터리 소설 작가이자 인기 라디오 진행자로 유명해졌습니다. 정신과 의사 지해수와 함께 토크쇼에 출연했을 때, 두 사람이 서로를 정반대로 보는 것이 명백해졌습니다.","Jo In Sung, Gong Hyo Jin, Sung Dong Il, Lee Kwang Soo, Jin Kyung, Lee Sung Kyung","Psychological,  Comedy,  Romance,  Drama ","Strong Female Lead, Psychiatry, Mental Health, Trauma, Charming Male Lead, Healing, Adult Romance, Melodrama, Cohabitation, Housemates",#61,8.6
Eulachacha Waikiki,2018,"Feb  5, 2018 - Apr 17, 2018"," Monday, Tuesday",20,jTBC ,1 hr. 5 min.,15+ - Teens 15 or older ,"꿈은 영화감독이 되는 것이지만 팍팍한 운명을 타고난 동구, 돈벌이를 위해 공연을 하는 남다른 배우 준기, 그리고 대부분의 시간을 허송세월하는 프리랜서 작가 두식. 이렇게 매우 다른 세 젊은이가 외국인들이 많이 찾는 이태원에서 '와이키키'라는 이름의 게스트하우스를 열게 됩니다. 게스트하우스 운영 경험은 전혀 없지만, 그들은 앞으로 제작할 영화 자금을 마련하기 위해 열심히 돈을 벌고자 합니다.","Kim Jung Hyun, Lee Yi Kyung, Son Seung Won, Jung In Sun, Go Won Hee, Lee Joo Woo","Comedy,  Life,  Youth,  Drama ","Housemates, Bromance, Friends To Lovers, Motherhood, Cohabitation, Babysitting, Single Mother, Actor, Childhood Friends, Secondary Couple",#62,8.6
The Bridal Mask,2012,"May 30, 2012 - Sep  6, 2012"," Wednesday, Thursday",28,KBS2 ,1 hr. 5 min.,15+ - Teens 15 or older ,"이강토는 야심 차고 포악한 한국인 관리로, 일제에 고용되어 있습니다. 어머니의 반대와 형제가 일본인과 대립한 과거에도 불구하고, 강토는 성공을 꿈꾸며 가족을 가난에서 벗어나게 하기 위해 식민지 규칙을 따릅니다. 하지만 전통 혼례복장을 한 미스터리한 인물인 '신부가면'이 늘 강토의 길을 가로막습니다. 신부가면은 조로 같은 인물로, 일본 식민지배자들의 압제와 권력 남용으로부터 백성을 보호합니다. 예기치 못한 사건으로 강토는 신부가면과 마주치게 되고, 이는 그의 미래와 나라의 역사를 영원히 바꿉니다.","Joo Won, Jin Se Yeon, Park Ki Woong, Han Chae Ah, Shin Hyun Joon, Chun Ho Jin","Action,  Historical,  Romance,  Political ","Japanese Colonial Rule, Hidden Identity, Revenge, Rebellion, Murder, Love Triangle, Adapted From A Manhwa, Investigation, Drama, Sword-fight",#63,8.6
Partners for Justice 2,2019,"Jun  3, 2019 - Jul 29, 2019"," Monday, Tuesday",32,MBC ,35 min.,15+ - Teens 15 or older ,"범죄나 일상생활에서 모든 접촉은 흔적을 남깁니다. 완벽한 범죄란 존재하지 않으며, 이 드라마의 남녀 주인공은 궁극의 협력 관계를 보여줍니다. 이 작품은 최고의 팀워크를 자랑하는 과학수사대와 검사의 이야기를 계속해서 그리고 있습니다.","Jung Jae Young, Jung Yoo Mi, Oh Man Suk, Noh Min Woo, Kang Seung Hyun, Park Jun Gyu","Mystery,  Law,  Drama,  Medical ","Forensic Science, Prosecutor Female Lead, Doctor Male Lead, Rich Female Lead, Death, Murder, Investigation",#64,8.6
Jewel in the Palace,2003,"Sep 15, 2003 - Mar 23, 2004"," Monday, Tuesday",54,MBC ,1 hr. 5 min.,13+ - Teens 13 or older ,"약 500년 전 조선 왕조 시대에 한국은 엄격한 계층 구조와 남성 중심 사회를 자랑했습니다. 전설적인 소녀 장금이의 실화를 바탕으로 한 이야기인데, 그녀는 당시 최초의 여성 최고 궁중 의원이 되었습니다. 남성 중심 사회에서 빈민 계층 소녀였던 그녀는 일련의 사회적 차별을 극복하고 궁중 요리사가 되었고, 나중에 궁중 의원이 되었으며 궁극적으로는 왕의 전속 의원이 되었습니다. 왕은 심지어 그녀에게 ""대장금""이라는 칭호를 내렸습니다. 그녀의 삶의 성공과 실패, 그리고 아름다운 사랑 이야기가 펼쳐집니다.","Lee Young Ae, Ji Jin Hee, Hong Ri Na, Im Ho, Yang  Mi Kyung, Kyeon Mi Ri","Food,  Historical,  Romance,  Medical ","Cooking, Strong Female Lead, Royal Rules And Etiquette, Joseon Dynasty, Royal Cook, Doctor Female Lead, Faithful Male Lead, Smart Female Lead, Melodrama, Drama",#65,8.6
My Father is Strange,2017,"Mar  4, 2017 - Aug 27, 2017"," Saturday, Sunday",52,KBS2 ,1 hr. 6 min.,15+ - Teens 15 or older ,"이 드라마는 서울 근교에 사는 한 가족에 관한 이야기입니다. 변한수는 가장이고, 그의 아내 나영실은 세 딸 혜영, 미영, 라영과 아들 준영에게 헌신적이고 책임감 있는 어머니입니다. 어느 날 갑자기 안중희가 그 가정에 나타나 자신이 그 가족의 아들이라고 선언합니다. 중희는 과거 아이돌 그룹 멤버였던 배우입니다. 그는 그들과 함께 살기 시작합니다.","Kim Yeong Cheol, Kim Hae Sook, Ryu Soo Young, Lee Yoo Ri, Lee Joon, Jung So Min","Comedy,  Romance,  Drama,  Family ","Family Secret, Sisterhood, Eccentric Female Lead, Fake Incest, Multiple Couples, Strong Female Lead, Father-Daughter Relationship, Mother-Daughter Relationship, Mother-Son Relationship, Father-Son Relationship",#66,8.6
Children of Nobody,2018,"Nov 21, 2018 - Jan 16, 2019"," Wednesday, Thursday",32,MBC ,30 min.,15+ - Teens 15 or older ,"차우경은 아동상담사로 아동센터에서 일하고 있습니다. 그녀는 좋은 남편과 결혼했고 임신 중이어서 완벽한 삶을 살고 있는 것 같습니다. 하지만 한 사고로 인해 그녀의 행복한 삶은 오래가지 못합니다. 그 후 그녀는 강지훈 형사를 만나게 되는데, 그는 범죄자들에게 엄격하며 그들이 법의 철저한 처벌을 받아야 한다고 믿고 있습니다.","Kim Sun Ah, Lee Yi Kyung, Nam Gyu Ri, N, Joo Seok Tae, Na Young Hee","Thriller,  Mystery,  Psychological,  Crime,  Drama ","Trauma, Child Abuse, Smart Female Lead, Child Behavior Issues, Abuse, Murder, Tragic Past, Psychiatry, Child Abandonment, Domestic Violence",#67,8.6
Go Back Couple,2017,"Oct 13, 2017 - Nov 18, 2017"," Friday, Saturday",12,KBS2 ,1 hr. 10 min.,15+ - Teens 15 or older ,"38세의 부부 최반도와 마진주는 결혼할 때는 사랑에 빠져 있었지만 지금은 서로를 미워하고 너무 어린 나이에 결혼한 것을 후회하고 있습니다. 최반도는 가장으로서의 부담감을 안고 있고, 마진주는 자존감이 낮은 전업주부입니다. 이 부부는 시간을 되돌아가 처음 만났던 20대 대학생 시절로 돌아가게 됩니다.","Jang Na Ra, Son Ho Jun, Heo Jung Min, Han Bo Reum, Jang Ki Yong, Go Bo Gyeol","Comedy,  Romance,  Life,  School,  Drama,  Family,  Supernatural ","Time Travel, Love/Hate Relationship, Marriage, Mother-Daughter Relationship, Misunderstanding, 1990s, Failing Marriage, Married Couple, Sassy Female Lead, Sismance",#68,8.6
Good Manager,2017,"Jan 25, 2017 - Mar 30, 2017"," Wednesday, Thursday",20,KBS2 ,60 min.,15+ - Teens 15 or older ,"기업 정치가 나쁜 사람을 좋은 사람으로 바꿀 수 있을까요? 김성룡은 갱스터들을 위해 일하는 재무 전문가입니다. 그는 회사 돈을 횡령할 목적으로 TQ그룹의 회계부서 중간관리자로 들어갑니다. 성룡이 회계 고수 윤하경, 금융 영재 서율, 그리고 활기찬 인턴 홍가은과 맞서며 직장 내 정치권력 다툼에 휘말리게 되면서, 회사를 무너뜨릴 위협이 되는 권력자들의 다른 행태들도 알게 됩니다. 차츰 성룡은 원래 임무보다는 기업 부패에 맞서고 직원들의 권리를 지키는 것이 더 중요하다는 것을 깨닫게 됩니다. 과연 그는 모든 역경을 딛고 새로운 목표를 이룰 수 있을까요?","Namkoong Min, Nam Sang Mi, Lee Jun Ho, Jung Hye Sung, Kim Won Hae, Kim Kang Hyun","Business,  Comedy,  Crime,  Drama ","Eccentric Male Lead, Corruption, Bromance, Social Satire, Smart Male Lead, Revenge, Accountant, Enemy Mine, Smart Female Lead, Strong Female Lead",#69,8.6
Stranger 2,2020,"Aug 15, 2020 - Oct  4, 2020"," Saturday, Sunday",16,"Netflix,  tvN ",1 hr. 2 min.,15+ - Teens 15 or older ,검찰청과 경찰이 서로 맞서고 있습니다. 우태하 같은 엘리트 검사를 포함한 검사들은 수사에 대한 재량권을 원합니다. 한편 최빛을 비롯한 경찰들은 검찰청으로부터 독립적인 완전한 수사권한을 얻으려 합니다.,"Jo Seung Woo, Bae Doo Na, Jeon Hye Jin, Choi Moo Sung, Lee Joon Hyuk, Yoon Se Ah","Thriller,  Mystery,  Law,  Drama ","Corruption, Calm Male Lead, Smart Male Lead, Suspense, Emotional Blunting, Power Struggle, Strong Female Lead, Strong Male Lead, Policewoman, Alexithymia",#70,8.6
My Love from the Star,2013,"Dec 18, 2013 - Feb 27, 2014"," Wednesday, Thursday",21,SBS ,58 min.,15+ - Teens 15 or older ,"도민준은 조선시대인 400년 전에 지구에 착륙한 외계인이다. 그는 완벽에 가까운 외모와 시력, 청력, 그리고 속도 등 향상된 신체 능력을 갖고 있다. 후에 그는 지구에 남은 시간이 3개월밖에 없다는 것을 알게 된다. 그리고 그때 그는 한국 최고의 할류 스타 천송이를 만나게 된다.","Kim Soo Hyun, Jun Ji Hyun, Park Hae Jin, Yoo In Na, Shin Sung Rok, Kim Chang Wan","Comedy,  Romance,  Drama,  Supernatural ","Alien, Interspecies Romance, Famous Actress, Celebrity, Professor, Sassy Female Lead, Superhuman Strength, Time Manipulation, Cyberbullying, Star Crossed Lovers",#71,8.6
Empress Ki,2013,"Oct 28, 2013 - Apr 29, 2014"," Monday, Tuesday",51,MBC ,1 hr. 5 min.,15+ - Teens 15 or older ,칭기스 칸은 동아시아와 동유럽의 광활한 지역을 아우르는 제국을 건설했습니다. 그리고 그가 세운 원나라에서 37년 동안 막대한 권력을 휘둘렀던 한 여인이 있었습니다. 그녀는 몽골 혈통도 아니었고 한족 출신도 아니었습니다. 그녀는 먼 동방의 작은 나라 고려에서 왔습니다. 그녀는 궁녀로 억지로 몽골에 끌려갔지만 어떻게든 천한 신분을 극복하여 타국에서 마지막 황제비가 되었습니다. 그녀의 이름은 기황후였습니다.,"Ha Ji Won, Ji Chang Wook, Joo Jin Mo, Baek Jin Hee, Kim Ji Han, Kim Seo Hyung","Historical,  Romance,  Melodrama,  Political ","Smart Female Lead, Strong Female Lead, Power Struggle, Possessive Male Lead, Love Triangle, Female Warrior, Yuan Dynasty, Revenge, Cross-Dressing, Goryeo Dynasty",#72,8.6
Age of Youth,2016,"Jul 22, 2016 - Aug 27, 2016"," Friday, Saturday",12,jTBC ,60 min.,15+ - Teens 15 or older ,"다섯 명의 20대 여성들이 '벨 에포크(Belle Epoque)'라는 집에 함께 살게 됩니다. '벨 에포크'는 프랑스어로 '아름다운 시절'이라는 뜻입니다. 각 여성들은 독특한 성격과 배경, 그리고 문제들을 가지고 있습니다. 그들은 집에 여섯 번째 존재, 즉 귀신이 산다고 믿지만 각자 그 귀신을 다르게 인식합니다. 시간이 지날수록 이 여성들은 서로에 대한 동질감을 느끼며 가까워지지만, 동시에 사건 많은 20대를 살아가며 개인적인 문제들도 겪습니다. 이 드라마는 그들의 투쟁과 사건들을 따라가며, 연인 관계, 데이트, 서로 간의 관계 등 인간관계와 학점, 아르바이트, 술자리, 희망과 꿈 등 다양한 경험들을 다룹니다.","Han Ye Ri, Ryu Hwa Young, Park Eun Bin, Han Seung Yeon, Park Hye Soo, Yoon Park","Friendship,  Romance,  Life,  Youth ","Housemates, Female Centered Plot, Sismance, Multiple Mains, College Life, Coming Of Age, Strong Female Lead, Strong Female Characters, Hardworking Female Lead, Multiple Couples",#73,8.6
Mystic Pop-Up Bar,2020,"May 20, 2020 - Jun 25, 2020"," Wednesday, Thursday",12,"jTBC,  Netflix ",1 hr. 8 min.,15+ - Teens 15 or older ,"""미스틱 포업바""는 같은 이름의 인기 웹툰을 원작으로 한 작품으로, 까칠한 여주인과 천진난만한 아르바이트생이 운영하는 신비로운 포장마차가 손님들의 꿈속을 방문해 그들의 문제를 해결해 주는 이야기를 그리고 있습니다.","Hwang Jung Eum, Yook Sung Jae, Choi Won Young, Jung Da Eun, Lee Joon Hyuk, Na In Woo","Mystery,  Comedy,  Family,  Fantasy ","Afterlife, Tragic Past, Grudge, Hot-tempered Female Lead, Spirit, Adapted From A Webtoon, Special Power, Family Relationship, Flashback To Past, Food",#74,8.6
Cruel City,2013,"May 27, 2013 - Jul 30, 2013"," Monday, Tuesday",20,jTBC ,60 min.,15+ - Teens 15 or older ,마약 카르텔의 잔혹한 삶과 가족을 잃은 복수의 이야기를 그리고 있습니다.,"Jung Kyung Ho, Nam Gyu Ri, Lee Jae Yoon, Son Chang Min, Kim Yoo Mi, Choi Moo Sung","Action,  Thriller,  Romance,  Crime ","Badass Male Lead, Gang, Bromance, Strong Female Lead, Gangster, Strong Male Lead, Smart Male Lead, Sismance, Steamy Kiss, Drug Dealer",#75,8.6
365,2020,"Mar 23, 2020 - Apr 28, 2020"," Monday, Tuesday",24,MBC ,35 min.,15+ - Teens 15 or older ,"10명의 사람들이 1년 전으로 돌아갈 기회를 얻었지만, 운명이 바뀌고 뒤틀리면서 예기치 않은 미스터리한 상황들이 벌어지는 이야기입니다.","Lee Joon Hyuk, Nam Ji Hyun, Kim Jee Soo, Lee Sung Wook, Yoon Joo Sang, Ahn Seung Gyun","Thriller,  Mystery,  Drama,  Fantasy ","Strong Female Lead, Time Travel, Nice Male Lead, Suspense, Murder, Detective, Fate, Supernatural, Accident, Webtoon Writer",#76,8.6
Designated Survivor,2019,"Jul  1, 2019 - Aug 20, 2019"," Monday, Tuesday",16,"Netflix,  tvN ",1 hr. 10 min.,15+ - Teens 15 or older ,"박무진은 전직 화학 교수로, 현재 환경부 장관 직위를 맡고 있습니다. 그는 야심이나 개인적 신념, 정치적 감각이 없습니다. 어느 날, 대통령의 연설을 위해 국회에 내각이 소집됩니다. 이때 테러 공격이 발생하여 대통령과 많은 장관들을 포함한 정부 관리들이 사망합니다. 박무진은 살아남은 최고위 정부 관리입니다. 그는 그 자리를 원치 않았지만, 60일 동안 대통령 권한대행을 맡아야 합니다. 박무진은 국가 지도자로 성장하며, 이 공격을 주모한 개인이나 단체를 추적합니다.","Ji Jin Hee, Son Seok Koo, Kang Han Na, Heo Joon Ho, Lee Joon Hyuk, Choi Yoon Young","Thriller,  Mystery,  Drama,  Political ","Power Struggle, Conspiracy, Blue House, Lying, Social Commentary, Terrorism, Deception, National Intelligence Service, National Assembly, Death",#77,8.6
Just Between Lovers,2017,"Dec 11, 2017 - Jan 30, 2018"," Monday, Tuesday",16,jTBC ,1 hr. 13 min.,15+ - Teens 15 or older ,"대형 사고로 48명의 목숨이 앗아갔습니다. 생존자들, 가족과 친구를 잃은 이들, 그리고 이 비극적 사건과 관련된 사람들의 삶 또한 영원히 달라졌습니다.","Lee Jun Ho, Won Jin Ah, Lee Ki Woo, Kang Han Na, Kim Hye Joon, Yoon Se Ah","Psychological,  Romance,  Melodrama ","Trauma, Healing, Survivor Guilt, Hardworking Female Lead, Strong Female Lead, Tearjerker, Hardworking Male Lead, Phobia, Disaster, Poor Male Lead",#78,8.6
Squid Game,2021,"Sep 17, 2021", Friday,9,Netflix ,60 min.,18+ Restricted (violence & profanity) ,"실패한 사업 이후 빚더미에 올라앉은 운전기사 성기훈은 노모에게 의지하며 도박에 미친 삶을 살고 있습니다. 그는 노모와 소원해진 딸에게 아무것도 제공하지 못합니다. 그의 인생이 바닥을 치던 때, 456명의 참가자들과 함께 전통적인 한국 아동 게임에서 이기면 456억 원의 상금을 받을 수 있는 매력적인 제안을 받습니다. 참가자들 중에는 그의 어린 시절 친구 조상우도 있습니다. 게임이 시작되자 참가자들은 패배할 경우 치명적인 결과가 있다는 사실을 알게 됩니다.","Lee Jung Jae, Park Hae Soo, Jung Ho Yeon, Wi Ha Joon, Anupam Tripathi, Oh Young Soo","Action,  Thriller,  Mystery,  Drama ","Death, Death Game, Poor Male Lead, Extreme Violence, Debt, Gore, Competition, Game Show, Survival, Murder",#79,8.6
Avengers Social Club,2017,"Oct 11, 2017 - Nov 16, 2017"," Wednesday, Thursday",12,tvN ,60 min.,15+ - Teens 15 or older ,"중년의 생선가게 주인으로 자신을 위한 더 나은 삶을 꿈꿨던 여성, 가정주부, 그리고 온실 속 꽃처럼 연약하게 자란 상류층 여성 상속인. 평소에는 전혀 만날 리 없는 이들 세 사람이 각자의 복수를 위해 힘을 합치게 됩니다. 처음에는 공모자로 시작했지만, 여정을 통해 그들은 돈독한 우정을 쌓게 될 것입니다.","Lee Yo Won, Ra Mi Ran, Myung Se Bin, Lee Jun Young, Choi Byung Mo, Jang Yong","Friendship,  Comedy,  Life,  Drama ","Revenge, Sismance, Female Centered Plot, Strong Female Lead, Strong Female Characters, Healing, Smart Male Lead, Mother-Son Relationship, Mother-Daughter Relationship, Tragic Past",#80,8.6
The Master's Sun,2013,"Aug  7, 2013 - Oct  3, 2013"," Wednesday, Thursday",17,SBS ,1 hr. 2 min.,15+ - Teens 15 or older ,주중원은 백화점과 호텔을 포함한 대기업 '킹덤'의 구두쇠이자 인색한 CEO입니다. 어린 시절 사고 이후 유령을 볼 수 있게 된 우울한 택공실을 만납니다. 둘은 서로 협력하며 유령들이 가져온 공포와 슬픔을 해결해 나가는 과정에서 중원의 과거 납치 사건까지 파헤치게 됩니다. 그리고 서로 모르게 사랑에 빠지게 되지요. 이들의 인생이 새로운 전환점을 맞이하는 이야기입니다.,"Gong Hyo Jin, So Ji Sub, Seo In Guk, Kim Yoo Ri, Choi Jung Woo, Kim  Mi Kyung","Horror,  Comedy,  Romance,  Supernatural ","Ghost, Eccentric Female Lead, Rich Male Lead, Clingy Female Lead, Successful Male Lead, Obsession, Tragic Past, Trauma, Secondary Couple, Eccentric Male Lead",#81,8.6
Once Again,2020,"Mar 28, 2020 - Sep 13, 2020"," Saturday, Sunday",100,KBS2 ,35 min.,15+ - Teens 15 or older ,"""또 다시""는 종주 시장과 그 이웃들 사이에서 평화로운 날이 없는 사건 가득한 송 가족의 이야기입니다.","Chun Ho Jin, Cha Hwa Yun, Lee Jung Eun, Oh Dae Hwan, Lee Min Jung, Lee Sang Yeob","Comedy,  Romance,  Drama,  Family ","Divorce, Family Relationship, Multiple Couples, Multiple Mains, Marriage, Slice Of Life, Married Couple, Age Gap, Sibling, Secret Relationship",#82,8.6
Save Me,2017,"Aug  5, 2017 - Sep 24, 2017"," Saturday, Sunday",16,OCN ,60 min.,15+ - Teens 15 or older ,"아버지의 사업 실패 후, 상미와 그녀의 가족은 친구나 친척 하나 없는 무지군으로 이사를 갔습니다. 거기서 그녀는 한상환, 석동철, 우정훈, 최만희라는 네 명의 청년들을 만납니다. 상미와 그녀의 가족이 어려움에 처하자 구신원의 영적 지도자 백정기가 도움을 주겠다고 나섭니다. 하지만 그들 가족은 점점 이단 종교 집단에 빠져들게 되고, 네 청년들이 상미를 구출하려 노력합니다.","Seo Yea Ji, Ok Taec Yeon, Woo Do Hwan, Jo Sung Ha, Jo Jae Yoon, Park Ji Young","Action,  Thriller,  Mystery,  Drama ","Cult, Adapted From A Webtoon, Church, Strong Female Lead, Bromance, School Bullying, Smart Female Lead, Deception, Strong Male Lead, Ex-convict",#83,8.6
Bad Guys,2014,"Oct  4, 2014 - Dec 13, 2014", Saturday,11,OCN ,1 hr. 5 min.,18+ Restricted (violence & profanity) ,"증가하는 폭력 범죄를 단속하기 위해, 경찰청장은 오구탁 형사에게 범죄자들로 구성된 팀을 만들어 달라고 요청합니다.","Kim Sang Joong, Park Hae Jin, Jo Dong Hyuk, Ma Dong Seok, Kang Ye Won, Kang Shin Il","Action,  Thriller,  Psychological,  Crime ","Psychopath, Murder, Teamwork, Serial Killer, Strong Male Lead, Gangster, Smart Male Lead, Skilled Killer, Violence, Death",#84,8.6
Missing,2020,"Aug 29, 2020 - Oct 11, 2020"," Saturday, Sunday",12,OCN ,1 hr. 10 min.,15+ - Teens 15 or older ,한 마을에는 실종되거나 사망한 사람들의 영혼이 머물러 있습니다. 실종자들의 시신을 찾고 그들의 실종 이유를 밝히기 위한 수색이 벌어집니다.,"Go Soo, Heo Joon Ho, Ahn So Hee, Ha Joon, Seo Eun Soo, Song Geon Hee","Thriller,  Mystery,  Supernatural ","Con Artist, Ghost-seeing Male Lead, Spirit, Missing Person, Detective, Hacker, Bromance, Social Justice, Righteous Male Lead, Death",#85,8.6
Rebel,2017,"Jan 30, 2017 - May 16, 2017"," Monday, Tuesday",30,MBC ,60 min.,15+ - Teens 15 or older ,"""위선자 임금님께 복종한다는 구실로 국민들의 마음을 훔치고 있습니다."" 조선시대에는 민중의 영웅이었지만 지배층에게는 적으로 여겨졌던 인물이 있었습니다. 바로 홍길동입니다. 연산군은 왕실 혈통이었지만 백성들에게 혐오받았던 반면, 홍길동은 노예 출신이었지만 평민들의 마음을 사로잡는 데 성공했습니다. 이 두 사람 간의 갈등은 진정한 지도자가 갖춰야 할 자질을 보여줍니다. 이 드라마는 hostile하고 억압적인 왕국에서 살아남으며 권력자들과 싸운 홍길동의 생애를 그리고 있습니다.","Yoon Kyun Sang, Chae Soo Bin, Kim Ji Suk, Lee Ha Nee, Kim Sang Joong, Shim Hee Sub","Action,  Thriller,  Historical,  Romance ","Rebellion, Joseon Dynasty, Strong Male Lead, Smart Male Lead, Corruption, Slave, Discrimination, Bromance, Superhuman Strength, Revenge",#86,8.5
Nobody Knows,2020,"Mar  2, 2020 - Apr 21, 2020"," Monday, Tuesday",16,SBS ,1 hr. 10 min.,15+ - Teens 15 or older ,지역수사대 소속 영진 형사는 19년 전 친구를 살해한 '스티그마타' 연쇄살인마를 잡는 것 외에는 다른 생각이 없습니다. 그녀는 그 사건으로 인한 죄책감과 트라우마를 안고 있습니다. 친구도 없고 혼자 살고 있습니다. 아랫집 아들 은호는 영진이 그 아파트로 이사온 이후로 그녀와 관계를 맺어왔습니다. 은호는 영진을 위해 사소한 집안일을 돕곤 했습니다. 어느 날 은호가 아파트 지붕에서 떨어진 채 발견되어 혼수상태에 빠졌습니다. 영진은 이상한 낌새를 감지하고 사건의 실마리를 직접 캐내기로 결심합니다. 은호의 담임교사 선우와 함께 은호의 부상이 단순한 사고가 아님을 밝혀내기 시작합니다.,"Kim Seo Hyung, Ryu Deok Hwan, Park Hoon, Ahn Ji Ho, Min Jin Woong, Kang Ye Won","Thriller,  Mystery,  Drama,  Melodrama ","Strong Female Lead, Smart Female Lead, Unusual Friendship, Murder, Death, Strong Friendship, Guilt, Calm Female Lead, Serial Killer, Trauma",#87,8.5
I Hear Your Voice,2013,"Jun  5, 2013 - Aug  1, 2013"," Wednesday, Thursday",18,SBS ,60 min.,15+ - Teens 15 or older ,"가난과 어린 시절의 아픈 기억을 극복하고 변호사가 된 대범하고 당돌하며 거침없고 유머러스하고 물질주의적인 공익 변호사 장혜성은 다른 사람의 생각을 읽을 수 있는 19세 소년 박수하와 규율 있는 삶을 사는 순진한 변호사 차관우를 만나면서 사회와 정의에 대한 인식을 갖게 됩니다. 장혜성은 실제로 10년 전 수하의 아버지 살인 사건에서 결정적인 증언을 했고, 수하는 그녀를 범인의 위협으로부터 보호하겠다고 약속했습니다. 한편 차관우는 장혜성의 동료 변호사로, 성격은 약간 느리지만 원칙과 정의에 대한 확고한 신념을 가진 친절하고 이상적인 전직 경찰입니다. 그들은 힘을 합쳐 법정에서 정의를 찾고 승률 1% 미만인 가장 어려운 사건들을 해결하게 됩니다.","Lee Jong Suk, Lee Bo Young, Yoon Sang Hyun, Lee Da Hee, Jung Woong In, Yoon Joo Sang","Mystery,  Law,  Romance,  Supernatural ","Special Power, Revenge, Smart Female Lead, Trauma, Strong Female Lead, Older Woman/Younger Man, Male Chases Female First, Age Gap, Mind Reading, Cohabitation",#88,8.5
Reply 1997,2012,"Jul 24, 2012 - Sep 18, 2012", Tuesday,16,tvN ,60 min.,15+ - Teens 15 or older ,"1990년대를 배경으로 하는 이 드라마는 보이밴드 H.O.T를 숭배하는 여고생 시원과 그녀의 5명의 고교 친구들을 중심으로 펼쳐집니다. 1997년 18세 고등학생이었던 그들의 과거와 2012년 고교 동창회 만찬 자리에서 33세가 된 현재를 오가며, 한 커플이 결혼 소식을 알리게 됩니다.","Jung Eun Ji, Seo In Guk, Hoya, Shin So Yool, Eun Ji Won, Lee Si Eon","Comedy,  Romance,  Life,  Family ","Childhood Friends, High School, 1990s, Strong Friendship, First Love, Best Friends, Friends To Lovers, Bromance, Love Square, Unrequited Love",#89,8.5
Kairos,2020,"Oct 26, 2020 - Dec 22, 2020"," Monday, Tuesday",16,MBC ,1 hr. 10 min.,15+ - Teens 15 or older ,"편의점 아르바이트생으로 불안정한 삶을 살고 있는 애리는 심장 이식 수술 대기열에 있는 어머니를 돕기 위해 노력합니다. 불행히도 어머니의 건강 상태가 악화되어 오랫동안 기다렸던 이식 기회를 포기하게 되고, 어머니는 사라집니다. 이미 애리의 삶이 엄청나게 혼란스러웠는데, 31일 후 동일한 세계에서 온 낯선 남자로부터 전화가 옵니다. 아이러니하게도 그 남자는 애리에게 절실하게 도움을 요청합니다. 한편 서진은 건설회사에서 가장 젊은 이사로 성공적인 삶을 살아가는 가장이었습니다. 하지만 어느 날 딸이 납치되고 아내가 자살하면서 모든 것이 무너집니다. 붕괴 직전, 그에게 한 가지 조건으로 모든 것을 회복할 기회가 주어집니다: 낯선 여자의 도움을 받는 것. 딸과 아내를 되살리기 위해 시계가 10시 33분을 가리킬 때 그는 전화를 겁니다.","Shin Sung Rok, Lee Se Young, Ahn Bo Hyun, Nam Gyu Ri, Kang Seung Yoon, Jo Dong In","Action,  Thriller,  Drama,  Sci-Fi ","Time Altering, Past And Present, Hardworking Male Lead, Smart Male Lead, Family Secret, Rich Male Lead, Betrayal, Gaslighting, Different Timelines, Successful Male Lead",#90,8.5
Dali and the Cocky Prince,2021,"Sep 22, 2021 - Nov 11, 2021"," Wednesday, Thursday",16,KBS2 ,1 hr. 5 min.,15+ - Teens 15 or older ,어렸을 때부터 행상꾼으로 시장에서 자란 무학은 배움은 없지만 의지가 강하고 돈을 버는 재주가 있었습니다. 그는 이제 가족이 작은 감자탕 집에서 시작한 글로벌 외식 체인 '돈돈 F&B'의 경영 총괄 이사가 되었습니다. 하지만 품위 있는 모습은 없고 오직 돈만을 중요하게 여깁니다. 그런 그가 미술관을 운영하는 상류층 가문의 외동딸 다리를 만나게 됩니다. 다리는 깊이 있는 지식을 가진 인재입니다. 아버지의 갑작스런 죽음으로 파산 위기에 놓이면서 그녀는 힘든 생활을 시작하게 됩니다. 무학과 다리는 미술관을 두고 채권자와 채무자 관계가 됩니다. 이렇게 극과 극의 두 사람이 서로를 이해하고 사랑에 빠질 수 있을까요?,"Park Gyu Young, Kim Min Jae, Kwon Yool, Hwang Hee, Yeonwoo, Park Sang Myun","Comedy,  Romance,  Drama ","Smart Female Lead, Rich Female Lead, Art Gallery, Rich Male Lead, Multilingual, Bankruptcy, Art, Eccentric Male Lead, Healthy Mains’ Relationship, Male Chases Female First",#91,8.5
Yumi's Cells,2021,"Sep 17, 2021 - Oct 30, 2021"," Friday, Saturday",14,tvN ,1 hr. 10 min.,13+ - Teens 13 or older ,"복잡한 세포 네트워크에 의해 통제되는 지구상의 모든 인간은 보이지 않는 운영 체제에 의해 움직이고 있지만, 대부분의 경우 이를 전혀 무시하고 있습니다. 인간은 하루하루 어떻게 기능하는지 크게 신경 쓰지 않지만, 인체 내부의 세포들은 끊임없이 일하며 주인공을 살아있게 하고 건강하게 유지하는 역할을 합니다. 그렇기에 외견상 김유미 씨는 다른 평범한 직장인처럼 보일지 모르지만, 그 평범한 외모 아래에는 정말 특별한 무엇인가가 숨어 있습니다.","Kim Go Eun, Ahn Bo Hyun, Park Ji Hyun, Lee Yoo Bi, Joo Jong Hyuk, Park Jin Young","Psychological,  Comedy,  Romance,  Drama ","Career Woman, Slice Of Life, Friendship, Mixed Live Action-Animation, Office Worker, Workplace, Adapted From A Webtoon, Honest Male Lead, Game Developer, Personal Growth",#92,8.5
Arthdal Chronicles Part 1,2019,"Jun  1, 2019 - Jun 16, 2019"," Saturday, Sunday",6,"Netflix,  tvN ",1 hr. 20 min.,15+ - Teens 15 or older ,"고대(청동기 시대)의 가상 땅 아르데일을 배경으로 하고 있습니다. 은섬은 아르데일에 재앙을 몰고 올 운명을 타고났으며, 그를 구하려는 어머니와 함께 많은 고난을 겪게 됩니다. 결국 그들은 더 나은 곳으로 떠나기로 결심하고 여행을 떠납니다. 비록 은섬이 새로운 땅에서 자랐지만, 그 곳 토착민들과 달라 이방인 취급을 받게 됩니다. 타곤은 아르데일의 전쟁 영웅으로, 아르데일이 번영하는 도시국가가 되는 길을 열었고 아르데일에서 가장 강력한 전사입니다. 그는 아르데일의 첫 번째 왕이 되는 것이 꿈입니다.","Song Joong Ki, Kim Ji Won, Jang Dong Gun, Kim Ok Bin, Kim Eui Sung, Lee Do Kyung","Historical,  Romance,  Fantasy,  Political ","Power Struggle, Multiple Mains, Curse, Hidden Identity, Identical Twins, Strong Female Lead, War, Orphan Male Lead, Slavery, Shamanism",#93,8.5
Beautiful World,2019,"Apr  5, 2019 - May 25, 2019"," Friday, Saturday",16,"jTBC,  Viki ",60 min.,15+ - Teens 15 or older ,"이 드라마는 생사를 넘나드는 한 소년과 그의 가족이 진실을 찾아가는 여정을 그리고 있습니다. 거짓과 비밀, 불신과 고통 속에서도 이 미친 세상에서 가족은 희망을 잃지 않습니다. 무진은 교사이자 아버지입니다. 아내 인하는 '호호베이커리'를 운영하고 있으며, 그들에게는 9학년 아들과 8학년 딸이 있습니다. 자녀 교육을 위해 그들은 다른 동네로 이사를 갔습니다. 어느 날, 새로 전학 간 경쟁적인 학교에서 선호가 사고를 당해 뇌사 상태에 빠집니다. 부모는 이 사고에 대한 큰 죄책감과 분노에 휩싸여 사고 원인을 파헤치기 시작합니다. 선호의 여동생 수호 또한 나름대로 형의 사고 진실을 찾아 나섭니다.","Park Hee Soon , Choo Ja Hyun, Oh Man Suk, Cho Yeo Jung, Nam  Da Reum , Kim Hwan Hee","Life,  School,  Family,  Melodrama ","School Bullying, Family Relationship, Coma, Tearjerker, Sibling, Student, Psychopath, High School, Married Couple, Strong Female Lead",#94,8.5
What's Wrong with Secretary Kim,2018,"Jun  6, 2018 - Jul 26, 2018"," Wednesday, Thursday",16,tvN ,1 hr. 9 min.,15+ - Teens 15 or older ,"이 시리즈는 자신의 가족이 운영하는 회사의 부사장인 이영준을 중심으로 전개됩니다. 그는 매우 자기애가 강하고 자신을 높게 평가하기 때문에 주변 사람들을 거의 인정하지 않습니다. 이영준은 9년 동안 로맨틱한 관계 없이 성실히 일해 온 유능하고 인내심 있는 비서 김미소를 곁에 두고 있습니다. 하지만 미소는 이제 자신의 삶과 초점을 바꾸기로 결심하고 퇴사를 결정하면서 우습지만 재미있는 오해들이 생깁니다. 9년 동안 엄격히 직장 동료 관계였던 두 사람, 이제 그것이 더 발전할 수 있을까요?","Park Min Young, Park Seo Joon, Lee Tae Hwan, Pyo Ye Jin, Kim Hye Ok, Kim Byung Ok","Friendship,  Business,  Comedy,  Romance ","Adapted From A Webtoon, Steamy Kiss, Male Chases Female First, Boss-Employee Relationship, Office Romance, Rich Male Lead, Calm Female Lead, Trauma, Smart Female Lead, Secretary",#95,8.5
Vagabond,2019,"Sep 20, 2019 - Nov 23, 2019"," Friday, Saturday",16,"Netflix,  SBS ",1 hr. 10 min.,15+ - Teens 15 or older ,"차달건은 조카의 의문의 비행기 추락사고로 인해 각성한 호랑이가 된다. 고아였던 그는 형제 대신 조카를 홀로 키웠다. 이 사건에 대한 대규모 은폐로 인해, 그는 진실을 밝히기 위한 여정을 떠나게 된다.","Lee Seung Gi, Bae Suzy, Shin Sung Rok, Baek  Yoon Shik, Moon Sung Geun, Kim Min Jong","Action,  Thriller,  Mystery,  Crime ","Plane Crash, Revenge, National Intelligence Service, Corruption, Agent, Death Of A Child, Death, Spy, Strong Male Lead, Terrorist",#96,8.5
Doctor John,2019,"Jul 19, 2019 - Sep  7, 2019"," Friday, Saturday",32,SBS ,35 min.,15+ - Teens 15 or older ,"""닥터 존""은 통증 관리를 전문으로 하는 의사들을 소재로 한 의학 드라마입니다. 이 작품은 기존 의학 드라마와는 다른 새로운 접근법을 취하고 있습니다. 환자들의 수수께끼 같은 통증의 원인을 찾아가는 의사들의 모습을 마치 미제 사건의 범인을 쫓는 추리꾼 같은 모습으로 그려내며 스릴감 넘치는 추적극을 보여줄 것입니다.","Ji Sung, Lee Se Young, Lee Kyu Hyung, Hwang Hee, Jung Min Ah, Kwon Hwa Woon","Mystery,  Romance,  Life,  Medical ","Smart Male Lead, Incurable Disease, Eccentric Male Lead, Euthanasia, Hardworking Male Lead, PTSD, Ex-convict, Secret, Trauma, Tragic Past",#97,8.5
When the Camellia Blooms,2019,"Sep 18, 2019 - Nov 21, 2019"," Wednesday, Thursday",40,"KBS2,  Netflix ",35 min.,15+ - Teens 15 or older ,"동백은 작은 마을 옥산에 살고 있는 싱글맘입니다. 그녀는 '카멜리아' 술집을 운영하면서 아들 필구도 돌보고 있습니다. 옥산 주민들은 동백에 대해 자주 수군거립니다. 그녀는 고아로 자랐고, 싱글맘이며, 옥산 남성들이 자주 찾는 술집을 운영하고 있기 때문입니다. 하지만 동네 사람들이 동백에 대해 뭐라고 수군거리든 간에, 지역 경찰관 황용식은 그녀에게 깊은 사랑을 품고 있습니다. 한편, 동백의 전 남자친구 강종렬이 갑자기 그녀의 삶에 다시 등장합니다. 그는 유명한 야구 선수로, 과거 그들이 사귀었을 때는 그 사실을 숨겼습니다. 동백이 행복을 찾으려 애쓰는 동안, 뭔가 정말 사악한 것이 배후에서 도사리고 있습니다. 연쇄 살인범이 옥산을 배회하고 있으며, 동백이 표적이 될지도 모릅니다.","Gong Hyo Jin, Kang Ha Neul, Kim Ji Suk, Son Dam Bi, Oh Jung Se, Yeom Hye Ran","Thriller,  Comedy,  Romance,  Drama,  Family ","Single Mother, Mystery, Motherhood, Serial Killer, Mother-Son Relationship, Hardworking Female Lead, Dorky Male Lead, Male Chases Female First, Nice Male Lead, Independent Female Lead",#98,8.5
Because This Is My First Life,2017,"Oct  9, 2017 - Nov 28, 2017"," Monday, Tuesday",16,tvN ,1 hr. 10 min.,15+ - Teens 15 or older ,"한 집에 사는 빚만 있는 남성과 노숙 여성이 부딪히며, 결혼 제도와 오늘날 젊은이들이 직면한 문제들을 조명하는 드라마입니다.","Jung So Min, Lee Min Ki, Esom, Park Byung Eun, Kim Ga Eun, Kim Min Seok","Comedy,  Romance,  Life,  Drama ","Contract Relationship, Marriage Of Convenience, Housemates, Eccentric Male Lead, Multiple Couples, Cohabitation, Sismance, Nerdy Male Lead, Writer, Multiple Mains",#99,8.5
Fight For My Way,2017,"May 22, 2017 - Jul 11, 2017"," Monday, Tuesday",16,KBS2 ,60 min.,15+ - Teens 15 or older ,"물론, 적절한 배경이 없어도 여전히 꿈을 향해 나아갈 수 있습니다. 환경이나 조건이 중요하지만, 진정한 열정과 노력이 있다면 그것들을 극복하고 목표를 이룰 수 있습니다. 때로는 어려움이 있겠지만 포기하지 않고 계속 도전한다면 언젠가는 성공할 것입니다.","Park Seo Joon, Kim Ji Won, Ahn Jae Hong, Song  Ha Yoon, Kim Sung Oh, Jin Hee Kyung","Business,  Comedy,  Romance,  Sports ","Childhood Friends, Friends To Lovers, Strong Male Lead, Strong Female Lead, Neighbors, Strong Friendship, Personal Growth, Character Development, Secondary Couple, Ex-girlfriend Comes Back",#100,8.5
